Claim Date,Employee Name,Employee ID,Designation,Project Name,Email address,Total Persons,Allowable Amount,Total Bill Amount,List of Persons (as JSON),Seating Location,Bill_Date,Bill_No,Bill day,Computed_Total_Persons,Mismatch,Bill_Date_Friday,Week_Label,diff_claim_bill,Month,Week
2024-02-12,Felicity Taylor,0,INTERN,,Felicity.Taylor@xyz.com,1,400,382,"[{""employee_code"": NaN, ""name"": ""Autumn Hughes""}, {""employee_code"": ""D777"", ""name"": ""Jonah Baker""}, {""employee_code"": NaN, ""name"": ""Jack Bran""}, {""employee_code"": NaN, ""name"": ""Hanna Jo""}, {""employee_code"": NaN, ""name"": ""Kib Jim""}, {""employee_code"": NaN, ""name"": ""Alice Johnson""}, {""employee_code"": NaN, ""name"": ""Olivia Wright""}, {""employee_code"": NaN, ""name"": ""Peter Scott""}, {""employee_code"": NaN, ""name"": ""Quinn Adams""}, {""employee_code"": NaN, ""name"": ""Rachel Nelson""}, {""employee_code"": NaN, ""name"": ""Samuel Baker""}, {""employee_code"": NaN, ""name"": ""Taylor Carter""}, {""employee_code"": NaN, ""name"": ""Victor Perez""}, {""employee_code"": NaN, ""name"": ""Wendy Roberts""}, {""employee_code"": ""Consultant"", ""name"": ""Xavier Turner""}, {""employee_code"": NaN, ""name"": ""Leah Powell""}, {""employee_code"": NaN, ""name"": ""Naomi Patterson""}, {""employee_code"": NaN, ""name"": ""Paige Flores""}, {""employee_code"": NaN, ""name"": ""Ging John""}]",Chennai,2024-02-05,02_46,Monday,19,True,2024-02-02,Feb W1,7.0,Feb,1
2024-02-22,Alexander Cole,0,INTERN,,Alexander.Cole@xyz.com,1,400,313,,Chennai,2024-02-12,02_121,Monday,0,True,2024-02-09,Feb W2,10.0,Feb,2
2024-07-12,Miles Lynch,0,Intern,Training,Miles.Lynch@xyz.com,2,800,728,"[{""employee_code"": NaN, ""name"": NaN}, {""employee_code"": NaN, ""name"": NaN}]",Chennai,2024-07-10,07_31,Wednesday,2,False,2024-07-05,Jul W1,2.0,Jul,1
2024-06-15,Alexander Cole,0,INTERN,,Alexander.Cole@xyz.com,1,400,469,,Chennai,2024-06-07,06_121,Friday,0,True,2024-06-07,Jun W1,8.0,Jun,1
2024-06-17,Felicity Taylor,0,INTERN,,Felicity.Taylor@xyz.com,1,400,447,"[{""employee_code"": NaN, ""name"": ""Autumn Hughes""}, {""employee_code"": ""D777"", ""name"": ""Jonah Baker""}, {""employee_code"": NaN, ""name"": ""Jack Bran""}, {""employee_code"": NaN, ""name"": ""Hanna Jo""}, {""employee_code"": NaN, ""name"": ""Kib Jim""}, {""employee_code"": NaN, ""name"": ""Alice Johnson""}, {""employee_code"": NaN, ""name"": ""Olivia Wright""}, {""employee_code"": NaN, ""name"": ""Peter Scott""}, {""employee_code"": NaN, ""name"": ""Quinn Adams""}, {""employee_code"": NaN, ""name"": ""Rachel Nelson""}, {""employee_code"": NaN, ""name"": ""Samuel Baker""}, {""employee_code"": NaN, ""name"": ""Taylor Carter""}, {""employee_code"": NaN, ""name"": ""Victor Perez""}, {""employee_code"": NaN, ""name"": ""Wendy Roberts""}, {""employee_code"": ""Consultant"", ""name"": ""Xavier Turner""}, {""employee_code"": NaN, ""name"": ""Leah Powell""}, {""employee_code"": NaN, ""name"": ""Naomi Patterson""}, {""employee_code"": NaN, ""name"": ""Paige Flores""}, {""employee_code"": NaN, ""name"": ""Ging John""}]",Chennai,2024-06-13,06_46,Thursday,19,True,2024-06-07,Jun W1,4.0,Jun,1
2024-07-08,Felicity Taylor,0,INTERN,,Felicity.Taylor@xyz.com,1,400,384,"[{""employee_code"": NaN, ""name"": ""Autumn Hughes""}, {""employee_code"": ""D777"", ""name"": ""Jonah Baker""}, {""employee_code"": NaN, ""name"": ""Jack Bran""}, {""employee_code"": NaN, ""name"": ""Hanna Jo""}, {""employee_code"": NaN, ""name"": ""Kib Jim""}, {""employee_code"": NaN, ""name"": ""Alice Johnson""}, {""employee_code"": NaN, ""name"": ""Olivia Wright""}, {""employee_code"": NaN, ""name"": ""Peter Scott""}, {""employee_code"": NaN, ""name"": ""Quinn Adams""}, {""employee_code"": NaN, ""name"": ""Rachel Nelson""}, {""employee_code"": NaN, ""name"": ""Samuel Baker""}, {""employee_code"": NaN, ""name"": ""Taylor Carter""}, {""employee_code"": NaN, ""name"": ""Victor Perez""}, {""employee_code"": NaN, ""name"": ""Wendy Roberts""}, {""employee_code"": ""Consultant"", ""name"": ""Xavier Turner""}, {""employee_code"": NaN, ""name"": ""Leah Powell""}, {""employee_code"": NaN, ""name"": ""Naomi Patterson""}, {""employee_code"": NaN, ""name"": ""Paige Flores""}, {""employee_code"": NaN, ""name"": ""Ging John""}]",Chennai,2024-07-02,07_46,Tuesday,19,True,2024-06-28,Jul W4,6.0,Jul,4
2024-03-15,Felicity Taylor,0,INTERN,,Felicity.Taylor@xyz.com,1,400,439,"[{""employee_code"": NaN, ""name"": ""Autumn Hughes""}, {""employee_code"": ""D777"", ""name"": ""Jonah Baker""}, {""employee_code"": NaN, ""name"": ""Jack Bran""}, {""employee_code"": NaN, ""name"": ""Hanna Jo""}, {""employee_code"": NaN, ""name"": ""Kib Jim""}, {""employee_code"": NaN, ""name"": ""Alice Johnson""}, {""employee_code"": NaN, ""name"": ""Olivia Wright""}, {""employee_code"": NaN, ""name"": ""Peter Scott""}, {""employee_code"": NaN, ""name"": ""Quinn Adams""}, {""employee_code"": NaN, ""name"": ""Rachel Nelson""}, {""employee_code"": NaN, ""name"": ""Samuel Baker""}, {""employee_code"": NaN, ""name"": ""Taylor Carter""}, {""employee_code"": NaN, ""name"": ""Victor Perez""}, {""employee_code"": NaN, ""name"": ""Wendy Roberts""}, {""employee_code"": ""Consultant"", ""name"": ""Xavier Turner""}, {""employee_code"": NaN, ""name"": ""Leah Powell""}, {""employee_code"": NaN, ""name"": ""Naomi Patterson""}, {""employee_code"": NaN, ""name"": ""Paige Flores""}, {""employee_code"": NaN, ""name"": ""Ging John""}]",Chennai,2024-03-14,03_46,Thursday,19,True,2024-03-08,Mar W2,1.0,Mar,2
2024-03-27,Miles Lynch,0,Intern,Training,Miles.Lynch@xyz.com,2,800,778,"[{""employee_code"": NaN, ""name"": NaN}, {""employee_code"": NaN, ""name"": NaN}]",Chennai,2024-03-15,03_31,Friday,2,False,2024-03-15,Mar W3,12.0,Mar,3
2024-04-20,Savannah Taylor,1870,Senior Data Scientist,edgeCore,Savannah.Taylor@xyz.com,5,2000,1940,"[{""employee_code"": ""1870"", ""name"": ""Savannah Taylor""}, {""employee_code"": ""2019"", ""name"": ""Emery Reed""}, {""employee_code"": NaN, ""name"": NaN}, {""employee_code"": NaN, ""name"": NaN}, {""employee_code"": ""2065"", ""name"": ""Kaitlyn Long""}, {""employee_code"": ""2068"", ""name"": ""Nia Thomas""}]",Chennai,2024-04-08,04_2,Monday,6,True,2024-04-05,Apr W1,12.0,Apr,1
2024-04-23,Savannah Taylor,1870,Engagement Lead,edgeCore,Savannah.Taylor@xyz.com,1,400,366,"[{""employee_code"": ""1870"", ""name"": ""Savannah Taylor""}]",Chennai,2024-04-18,04_144,Thursday,1,False,2024-04-12,Apr W2,5.0,Apr,2
2024-04-28,Savannah Taylor,1870,Senior Data Scientist,edgeCore,Savannah.Taylor@xyz.com,7,2800,2722,"[{""employee_code"": ""1870"", ""name"": ""Savannah Taylor""}, {""employee_code"": ""2019"", ""name"": ""Emery Reed""}, {""employee_code"": NaN, ""name"": NaN}, {""employee_code"": NaN, ""name"": NaN}, {""employee_code"": ""2065"", ""name"": ""Kaitlyn Long""}, {""employee_code"": ""2068"", ""name"": ""Nia Thomas""}]",Chennai,2024-04-18,04_2,Thursday,6,True,2024-04-12,Apr W2,10.0,Apr,2
2024-08-15,Savannah Taylor,1870,Engagement Lead,edgeCore,Savannah.Taylor@xyz.com,1,400,305,"[{""employee_code"": ""1870"", ""name"": ""Savannah Taylor""}]",Chennai,2024-08-14,08_144,Wednesday,1,False,2024-08-09,Aug W2,1.0,Aug,2
2024-08-28,Savannah Taylor,1870,Senior Data Scientist,edgeCore,Savannah.Taylor@xyz.com,6,2400,2351,"[{""employee_code"": ""1870"", ""name"": ""Savannah Taylor""}, {""employee_code"": ""2019"", ""name"": ""Emery Reed""}, {""employee_code"": NaN, ""name"": NaN}, {""employee_code"": NaN, ""name"": NaN}, {""employee_code"": ""2065"", ""name"": ""Kaitlyn Long""}, {""employee_code"": ""2068"", ""name"": ""Nia Thomas""}]",Chennai,2024-08-17,08_2,Saturday,6,False,2024-08-16,Aug W3,11.0,Aug,3
2024-02-29,Savannah Taylor,1870,Engagement Lead,edgeCore,Savannah.Taylor@xyz.com,1,400,304,"[{""employee_code"": ""1870"", ""name"": ""Savannah Taylor""}]",Chennai,2024-02-16,02_144,Friday,1,False,2024-02-16,Feb W3,13.0,Feb,3
2024-01-16,Savannah Taylor,1870,Engagement Lead,edgeCore,Savannah.Taylor@xyz.com,1,400,498,"[{""employee_code"": ""1870"", ""name"": ""Savannah Taylor""}]",Chennai,2024-01-04,01_144,Thursday,1,False,2024-01-05,Jan W1,12.0,Jan,1
2024-01-07,Savannah Taylor,1870,Senior Data Scientist,edgeCore,Savannah.Taylor@xyz.com,2,800,708,"[{""employee_code"": ""1870"", ""name"": ""Savannah Taylor""}, {""employee_code"": ""2019"", ""name"": ""Emery Reed""}]",Chennai,2024-01-06,01_3,Saturday,2,False,2024-01-05,Jan W1,1.0,Jan,1
2024-01-24,Savannah Taylor,1870,Engagement Lead,edgeCore,Savannah.Taylor@xyz.com,1,400,397,"[{""employee_code"": ""1870"", ""name"": ""Savannah Taylor""}]",Chennai,2024-01-17,01_144,Wednesday,1,False,2024-01-12,Jan W2,7.0,Jan,2
2024-01-24,Savannah Taylor,1870,Senior Data Scientist,edgeCore,Savannah.Taylor@xyz.com,6,2400,2326,"[{""employee_code"": ""1870"", ""name"": ""Savannah Taylor""}, {""employee_code"": ""2019"", ""name"": ""Emery Reed""}, {""employee_code"": NaN, ""name"": NaN}, {""employee_code"": NaN, ""name"": NaN}, {""employee_code"": ""2065"", ""name"": ""Kaitlyn Long""}, {""employee_code"": ""2068"", ""name"": ""Nia Thomas""}]",Chennai,2024-01-15,01_2,Monday,6,False,2024-01-12,Jan W2,9.0,Jan,2
2024-07-20,Savannah Taylor,1870,Senior Data Scientist,edgeCore,Savannah.Taylor@xyz.com,6,2400,2342,"[{""employee_code"": ""1870"", ""name"": ""Savannah Taylor""}, {""employee_code"": ""2019"", ""name"": ""Emery Reed""}, {""employee_code"": NaN, ""name"": NaN}, {""employee_code"": NaN, ""name"": NaN}, {""employee_code"": ""2065"", ""name"": ""Kaitlyn Long""}, {""employee_code"": ""2068"", ""name"": ""Nia Thomas""}]",Chennai,2024-07-08,07_2,Monday,6,False,2024-07-05,Jul W1,12.0,Jul,1
2024-06-19,Savannah Taylor,1870,Senior Data Scientist,edgeCore,Savannah.Taylor@xyz.com,6,2400,2429,"[{""employee_code"": ""1870"", ""name"": ""Savannah Taylor""}, {""employee_code"": ""2019"", ""name"": ""Emery Reed""}, {""employee_code"": NaN, ""name"": NaN}, {""employee_code"": NaN, ""name"": NaN}, {""employee_code"": ""2065"", ""name"": ""Kaitlyn Long""}, {""employee_code"": ""2068"", ""name"": ""Nia Thomas""}]",Chennai,2024-06-10,06_2,Monday,6,False,2024-06-07,Jun W1,9.0,Jun,1
2024-06-23,Savannah Taylor,1870,Senior Data Scientist,edgeCore,Savannah.Taylor@xyz.com,6,2400,2444,"[{""employee_code"": ""1870"", ""name"": ""Savannah Taylor""}, {""employee_code"": ""2019"", ""name"": ""Emery Reed""}, {""employee_code"": NaN, ""name"": NaN}, {""employee_code"": NaN, ""name"": NaN}, {""employee_code"": ""2065"", ""name"": ""Kaitlyn Long""}, {""employee_code"": ""2068"", ""name"": ""Nia Thomas""}]",Chennai,2024-06-19,06_2,Wednesday,6,False,2024-06-14,Jun W2,4.0,Jun,2
2024-07-17,Savannah Taylor,1870,Engagement Lead,edgeCore,Savannah.Taylor@xyz.com,1,400,350,"[{""employee_code"": ""1870"", ""name"": ""Savannah Taylor""}]",Chennai,2024-07-04,07_144,Thursday,1,False,2024-06-28,Jul W4,13.0,Jul,4
2024-03-16,Savannah Taylor,1870,Engagement Lead,edgeCore,Savannah.Taylor@xyz.com,1,400,407,"[{""employee_code"": ""1870"", ""name"": ""Savannah Taylor""}]",Chennai,2024-03-14,03_144,Thursday,1,False,2024-03-08,Mar W2,2.0,Mar,2
2024-03-30,Savannah Taylor,1870,Senior Data Scientist,edgeCore,Savannah.Taylor@xyz.com,6,2400,2476,"[{""employee_code"": ""1870"", ""name"": ""Savannah Taylor""}, {""employee_code"": ""2019"", ""name"": ""Emery Reed""}, {""employee_code"": NaN, ""name"": NaN}, {""employee_code"": NaN, ""name"": NaN}, {""employee_code"": ""2065"", ""name"": ""Kaitlyn Long""}, {""employee_code"": ""2068"", ""name"": ""Nia Thomas""}]",Chennai,2024-03-20,03_2,Wednesday,6,False,2024-03-15,Mar W3,10.0,Mar,3
2024-05-20,Savannah Taylor,1870,Senior Data Scientist,edgeCore,Savannah.Taylor@xyz.com,6,2400,2455,"[{""employee_code"": ""1870"", ""name"": ""Savannah Taylor""}, {""employee_code"": ""2019"", ""name"": ""Emery Reed""}, {""employee_code"": NaN, ""name"": NaN}, {""employee_code"": NaN, ""name"": NaN}, {""employee_code"": ""2065"", ""name"": ""Kaitlyn Long""}, {""employee_code"": ""2068"", ""name"": ""Nia Thomas""}]",Chennai,2024-05-07,05_2,Tuesday,6,False,2024-05-03,May W1,13.0,May,1
2024-05-09,Savannah Taylor,1870,Senior Data Scientist,edgeCore,Savannah.Taylor@xyz.com,2,800,740,"[{""employee_code"": ""1870"", ""name"": ""Savannah Taylor""}, {""employee_code"": ""2019"", ""name"": ""Emery Reed""}]",Chennai,2024-05-06,05_3,Monday,2,False,2024-05-03,May W1,3.0,May,1
2024-05-23,Savannah Taylor,1870,Senior Data Scientist,edgeCore,Savannah.Taylor@xyz.com,6,2400,2358,"[{""employee_code"": ""1870"", ""name"": ""Savannah Taylor""}, {""employee_code"": ""2019"", ""name"": ""Emery Reed""}, {""employee_code"": NaN, ""name"": NaN}, {""employee_code"": NaN, ""name"": NaN}, {""employee_code"": ""2065"", ""name"": ""Kaitlyn Long""}, {""employee_code"": ""2068"", ""name"": ""Nia Thomas""}]",Chennai,2024-05-14,05_2,Tuesday,6,False,2024-05-10,May W2,9.0,May,2
2024-06-13,Savannah Taylor,1870,Engagement Lead,edgeCore,Savannah.Taylor@xyz.com,1,400,474,"[{""employee_code"": ""1870"", ""name"": ""Savannah Taylor""}]",Chennai,2024-06-02,06_144,Sunday,1,False,2024-05-31,Jun W5,11.0,Jun,5
2024-09-19,Savannah Taylor,1870,Engagement Lead,edgeCore,Savannah.Taylor@xyz.com,1,400,498,"[{""employee_code"": ""1870"", ""name"": ""Savannah Taylor""}]",Chennai,2024-09-17,09_144,Tuesday,1,False,2024-09-13,Sep W2,2.0,Sep,2
2024-09-29,Savannah Taylor,1870,Senior Data Scientist,edgeCore,Savannah.Taylor@xyz.com,6,2400,2484,"[{""employee_code"": ""1870"", ""name"": ""Savannah Taylor""}, {""employee_code"": ""2019"", ""name"": ""Emery Reed""}, {""employee_code"": NaN, ""name"": NaN}, {""employee_code"": NaN, ""name"": NaN}, {""employee_code"": ""2065"", ""name"": ""Kaitlyn Long""}, {""employee_code"": ""2068"", ""name"": ""Nia Thomas""}]",Chennai,2024-09-19,09_2,Thursday,6,False,2024-09-13,Sep W2,10.0,Sep,2
2024-04-28,Tobin Green,1935,Data Scientist,TripAdvisor,Tobin.Green@xyz.com,11,4400,4352,"[{""employee_code"": ""1935"", ""name"": ""Tobin Green""}, {""employee_code"": ""2053"", ""name"": ""Vivian Mitchell""}, {""employee_code"": ""2062"", ""name"": ""Leo Freeman""}, {""employee_code"": ""2068"", ""name"": ""Nia Thomas""}, {""employee_code"": NaN, ""name"": ""Autumn Hughes""}, {""employee_code"": ""D777"", ""name"": ""Jonah Baker""}, {""employee_code"": NaN, ""name"": ""Jack Bran""}, {""employee_code"": NaN, ""name"": ""Hanna Jo""}, {""employee_code"": NaN, ""name"": ""Kib Jim""}, {""employee_code"": NaN, ""name"": ""Alice Johnson""}, {""employee_code"": NaN, ""name"": ""Olivia Wright""}, {""employee_code"": NaN, ""name"": ""Peter Scott""}, {""employee_code"": NaN, ""name"": ""Quinn Adams""}, {""employee_code"": NaN, ""name"": ""Rachel Nelson""}, {""employee_code"": NaN, ""name"": ""Samuel Baker""}, {""employee_code"": NaN, ""name"": ""Taylor Carter""}, {""employee_code"": NaN, ""name"": ""Victor Perez""}, {""employee_code"": NaN, ""name"": ""Wendy Roberts""}, {""employee_code"": ""Consultant"", ""name"": ""Xavier Turner""}, {""employee_code"": NaN, ""name"": ""Leah Powell""}, {""employee_code"": NaN, ""name"": ""Naomi Patterson""}, {""employee_code"": NaN, ""name"": ""Paige Flores""}, {""employee_code"": NaN, ""name"": ""Ging John""}, {""employee_code"": NaN, ""name"": ""Autumn Hughes""}, {""employee_code"": ""D777"", ""name"": ""Jonah Baker""}, {""employee_code"": NaN, ""name"": ""Jack Bran""}, {""employee_code"": NaN, ""name"": ""Hanna Jo""}, {""employee_code"": NaN, ""name"": ""Kib Jim""}, {""employee_code"": NaN, ""name"": ""Alice Johnson""}, {""employee_code"": NaN, ""name"": ""Olivia Wright""}, {""employee_code"": NaN, ""name"": ""Peter Scott""}, {""employee_code"": NaN, ""name"": ""Quinn Adams""}, {""employee_code"": NaN, ""name"": ""Rachel Nelson""}, {""employee_code"": NaN, ""name"": ""Samuel Baker""}, {""employee_code"": NaN, ""name"": ""Taylor Carter""}, {""employee_code"": NaN, ""name"": ""Victor Perez""}, {""employee_code"": NaN, ""name"": ""Wendy Roberts""}, {""employee_code"": ""Consultant"", ""name"": ""Xavier Turner""}, {""employee_code"": NaN, ""name"": ""Leah Powell""}, {""employee_code"": NaN, ""name"": ""Naomi Patterson""}, {""employee_code"": NaN, ""name"": ""Paige Flores""}, {""employee_code"": NaN, ""name"": ""Ging John""}, {""employee_code"": NaN, ""name"": ""Autumn Hughes""}, {""employee_code"": ""D777"", ""name"": ""Jonah Baker""}, {""employee_code"": NaN, ""name"": ""Jack Bran""}, {""employee_code"": NaN, ""name"": ""Hanna Jo""}, {""employee_code"": NaN, ""name"": ""Kib Jim""}, {""employee_code"": NaN, ""name"": ""Alice Johnson""}, {""employee_code"": NaN, ""name"": ""Olivia Wright""}, {""employee_code"": NaN, ""name"": ""Peter Scott""}, {""employee_code"": NaN, ""name"": ""Quinn Adams""}, {""employee_code"": NaN, ""name"": ""Rachel Nelson""}, {""employee_code"": NaN, ""name"": ""Samuel Baker""}, {""employee_code"": NaN, ""name"": ""Taylor Carter""}, {""employee_code"": NaN, ""name"": ""Victor Perez""}, {""employee_code"": NaN, ""name"": ""Wendy Roberts""}, {""employee_code"": ""Consultant"", ""name"": ""Xavier Turner""}, {""employee_code"": NaN, ""name"": ""Leah Powell""}, {""employee_code"": NaN, ""name"": ""Naomi Patterson""}, {""employee_code"": NaN, ""name"": ""Paige Flores""}, {""employee_code"": NaN, ""name"": ""Ging John""}, {""employee_code"": ""2046"", ""name"": ""Aubrey Adams""}, {""employee_code"": ""1970"", ""name"": ""Benjamin Bishop""}, {""employee_code"": ""2008"", ""name"": ""Mabel Gibson""}, {""employee_code"": ""2064"", ""name"": ""Emmett Hall""}]",Chennai,2024-04-17,04_12,Wednesday,65,True,2024-04-12,Apr W2,11.0,Apr,2
2024-01-25,Tobin Green,1935,Data Scientist,TripAdvisor,Tobin.Green@xyz.com,6,2400,2455,"[{""employee_code"": ""1935"", ""name"": ""Tobin Green""}, {""employee_code"": ""2019"", ""name"": ""Emery Reed""}, {""employee_code"": ""1870"", ""name"": ""Savannah Taylor""}, {""employee_code"": ""2053"", ""name"": ""Vivian Mitchell""}, {""employee_code"": ""2023"", ""name"": ""Aiden Harrington""}, {""employee_code"": ""2086"", ""name"": ""Darren Shaw""}, {""employee_code"": ""2050"", ""name"": ""Stella Ross""}]",Chennai,2024-01-15,01_87,Monday,7,True,2024-01-12,Jan W2,10.0,Jan,2
2024-03-18,Tobin Green,1935,Data Scientist,TripAdvisor,Tobin.Green@xyz.com,10,4000,4025,"[{""employee_code"": ""1935"", ""name"": ""Tobin Green""}, {""employee_code"": ""2053"", ""name"": ""Vivian Mitchell""}, {""employee_code"": ""2062"", ""name"": ""Leo Freeman""}, {""employee_code"": ""2068"", ""name"": ""Nia Thomas""}, {""employee_code"": NaN, ""name"": ""Autumn Hughes""}, {""employee_code"": ""D777"", ""name"": ""Jonah Baker""}, {""employee_code"": NaN, ""name"": ""Jack Bran""}, {""employee_code"": NaN, ""name"": ""Hanna Jo""}, {""employee_code"": NaN, ""name"": ""Kib Jim""}, {""employee_code"": NaN, ""name"": ""Alice Johnson""}, {""employee_code"": NaN, ""name"": ""Olivia Wright""}, {""employee_code"": NaN, ""name"": ""Peter Scott""}, {""employee_code"": NaN, ""name"": ""Quinn Adams""}, {""employee_code"": NaN, ""name"": ""Rachel Nelson""}, {""employee_code"": NaN, ""name"": ""Samuel Baker""}, {""employee_code"": NaN, ""name"": ""Taylor Carter""}, {""employee_code"": NaN, ""name"": ""Victor Perez""}, {""employee_code"": NaN, ""name"": ""Wendy Roberts""}, {""employee_code"": ""Consultant"", ""name"": ""Xavier Turner""}, {""employee_code"": NaN, ""name"": ""Leah Powell""}, {""employee_code"": NaN, ""name"": ""Naomi Patterson""}, {""employee_code"": NaN, ""name"": ""Paige Flores""}, {""employee_code"": NaN, ""name"": ""Ging John""}, {""employee_code"": NaN, ""name"": ""Autumn Hughes""}, {""employee_code"": ""D777"", ""name"": ""Jonah Baker""}, {""employee_code"": NaN, ""name"": ""Jack Bran""}, {""employee_code"": NaN, ""name"": ""Hanna Jo""}, {""employee_code"": NaN, ""name"": ""Kib Jim""}, {""employee_code"": NaN, ""name"": ""Alice Johnson""}, {""employee_code"": NaN, ""name"": ""Olivia Wright""}, {""employee_code"": NaN, ""name"": ""Peter Scott""}, {""employee_code"": NaN, ""name"": ""Quinn Adams""}, {""employee_code"": NaN, ""name"": ""Rachel Nelson""}, {""employee_code"": NaN, ""name"": ""Samuel Baker""}, {""employee_code"": NaN, ""name"": ""Taylor Carter""}, {""employee_code"": NaN, ""name"": ""Victor Perez""}, {""employee_code"": NaN, ""name"": ""Wendy Roberts""}, {""employee_code"": ""Consultant"", ""name"": ""Xavier Turner""}, {""employee_code"": NaN, ""name"": ""Leah Powell""}, {""employee_code"": NaN, ""name"": ""Naomi Patterson""}, {""employee_code"": NaN, ""name"": ""Paige Flores""}, {""employee_code"": NaN, ""name"": ""Ging John""}, {""employee_code"": NaN, ""name"": ""Autumn Hughes""}, {""employee_code"": ""D777"", ""name"": ""Jonah Baker""}, {""employee_code"": NaN, ""name"": ""Jack Bran""}, {""employee_code"": NaN, ""name"": ""Hanna Jo""}, {""employee_code"": NaN, ""name"": ""Kib Jim""}, {""employee_code"": NaN, ""name"": ""Alice Johnson""}, {""employee_code"": NaN, ""name"": ""Olivia Wright""}, {""employee_code"": NaN, ""name"": ""Peter Scott""}, {""employee_code"": NaN, ""name"": ""Quinn Adams""}, {""employee_code"": NaN, ""name"": ""Rachel Nelson""}, {""employee_code"": NaN, ""name"": ""Samuel Baker""}, {""employee_code"": NaN, ""name"": ""Taylor Carter""}, {""employee_code"": NaN, ""name"": ""Victor Perez""}, {""employee_code"": NaN, ""name"": ""Wendy Roberts""}, {""employee_code"": ""Consultant"", ""name"": ""Xavier Turner""}, {""employee_code"": NaN, ""name"": ""Leah Powell""}, {""employee_code"": NaN, ""name"": ""Naomi Patterson""}, {""employee_code"": NaN, ""name"": ""Paige Flores""}, {""employee_code"": NaN, ""name"": ""Ging John""}, {""employee_code"": ""2046"", ""name"": ""Aubrey Adams""}, {""employee_code"": ""1970"", ""name"": ""Benjamin Bishop""}, {""employee_code"": ""2008"", ""name"": ""Mabel Gibson""}, {""employee_code"": ""2064"", ""name"": ""Emmett Hall""}]",Chennai,2024-03-06,03_12,Wednesday,65,True,2024-03-01,Mar W1,12.0,Mar,1
2024-03-12,Tobin Green,1935,Data Scientist,TripAdvisor,Tobin.Green@xyz.com,6,2400,2468,"[{""employee_code"": ""1935"", ""name"": ""Tobin Green""}, {""employee_code"": ""2019"", ""name"": ""Emery Reed""}, {""employee_code"": ""1870"", ""name"": ""Savannah Taylor""}, {""employee_code"": ""2053"", ""name"": ""Vivian Mitchell""}, {""employee_code"": ""2023"", ""name"": ""Aiden Harrington""}, {""employee_code"": ""2086"", ""name"": ""Darren Shaw""}, {""employee_code"": ""2050"", ""name"": ""Stella Ross""}]",Chennai,2024-03-03,03_87,Sunday,7,True,2024-03-01,Mar W1,9.0,Mar,1
2024-04-18,Luca Allen,1957,STL,"edgeCore, GreenMath",Luca.Allen@xyz.com,8,3200,3247,"[{""employee_code"": ""1957"", ""name"": ""Luca Allen""}, {""employee_code"": ""2005"", ""name"": ""Zoe Sullivan""}, {""employee_code"": ""2002"", ""name"": ""Adam James""}, {""employee_code"": ""2012"", ""name"": ""Eli Harris""}, {""employee_code"": ""1947"", ""name"": ""Reagan Sullivan""}, {""employee_code"": ""2022"", ""name"": ""Levi Stewart""}, {""employee_code"": ""1962"", ""name"": ""Eden Chang""}, {""employee_code"": ""2001"", ""name"": ""David Baker""}, {""employee_code"": ""1973"", ""name"": ""Charlotte Ross""}]",Bangalore,2024-04-11,04_165,Thursday,9,True,2024-04-05,Apr W1,7.0,Apr,1
2024-04-29,Luca Allen,1957,STL,"edgeCore, GreenMath",Luca.Allen@xyz.com,11,4400,4455,"[{""employee_code"": ""1957"", ""name"": ""Luca Allen""}, {""employee_code"": ""2024"", ""name"": ""Graham Roberts""}, {""employee_code"": ""2017"", ""name"": ""Miles Martinez""}, {""employee_code"": ""2058"", ""name"": ""Brooke Reed""}, {""employee_code"": ""2022"", ""name"": ""Levi Stewart""}, {""employee_code"": ""1947"", ""name"": ""Reagan Sullivan""}, {""employee_code"": ""1987"", ""name"": ""Sadie Cameron""}, {""employee_code"": ""2002"", ""name"": ""Adam James""}, {""employee_code"": ""1973"", ""name"": ""Charlotte Ross""}, {""employee_code"": ""2096"", ""name"": ""Alvin Johnson""}]",Bangalore,2024-04-18,04_138,Thursday,10,True,2024-04-12,Apr W2,11.0,Apr,2
2024-08-16,Luca Allen,1957,STL,"edgeCore, GreenMath",Luca.Allen@xyz.com,11,4400,4338,"[{""employee_code"": ""1957"", ""name"": ""Luca Allen""}, {""employee_code"": ""2024"", ""name"": ""Graham Roberts""}, {""employee_code"": ""2017"", ""name"": ""Miles Martinez""}, {""employee_code"": ""2058"", ""name"": ""Brooke Reed""}, {""employee_code"": ""2022"", ""name"": ""Levi Stewart""}, {""employee_code"": ""1947"", ""name"": ""Reagan Sullivan""}, {""employee_code"": ""1987"", ""name"": ""Sadie Cameron""}, {""employee_code"": ""2002"", ""name"": ""Adam James""}, {""employee_code"": ""1973"", ""name"": ""Charlotte Ross""}, {""employee_code"": ""2096"", ""name"": ""Alvin Johnson""}]",Bangalore,2024-08-15,08_138,Thursday,10,True,2024-08-09,Aug W2,1.0,Aug,2
2024-02-15,Luca Allen,1957,STL,"edgeCore, GreenMath",Luca.Allen@xyz.com,9,3600,3521,"[{""employee_code"": ""1957"", ""name"": ""Luca Allen""}, {""employee_code"": ""2024"", ""name"": ""Graham Roberts""}, {""employee_code"": ""2017"", ""name"": ""Miles Martinez""}, {""employee_code"": ""2058"", ""name"": ""Brooke Reed""}, {""employee_code"": ""2022"", ""name"": ""Levi Stewart""}, {""employee_code"": ""1947"", ""name"": ""Reagan Sullivan""}, {""employee_code"": ""1987"", ""name"": ""Sadie Cameron""}, {""employee_code"": ""2002"", ""name"": ""Adam James""}, {""employee_code"": ""1973"", ""name"": ""Charlotte Ross""}, {""employee_code"": ""2096"", ""name"": ""Alvin Johnson""}]",Bangalore,2024-02-05,02_138,Monday,10,True,2024-02-02,Feb W1,10.0,Feb,1
2024-02-22,Luca Allen,1957,STL,"edgeCore, GreenMath",Luca.Allen@xyz.com,10,4000,3917,"[{""employee_code"": ""1957"", ""name"": ""Luca Allen""}, {""employee_code"": ""2024"", ""name"": ""Graham Roberts""}, {""employee_code"": ""2017"", ""name"": ""Miles Martinez""}, {""employee_code"": ""2058"", ""name"": ""Brooke Reed""}, {""employee_code"": ""2022"", ""name"": ""Levi Stewart""}, {""employee_code"": ""1947"", ""name"": ""Reagan Sullivan""}, {""employee_code"": ""1987"", ""name"": ""Sadie Cameron""}, {""employee_code"": ""2002"", ""name"": ""Adam James""}, {""employee_code"": ""1973"", ""name"": ""Charlotte Ross""}, {""employee_code"": ""2096"", ""name"": ""Alvin Johnson""}]",Bangalore,2024-02-11,02_138,Sunday,10,False,2024-02-09,Feb W2,11.0,Feb,2
2024-01-17,Luca Allen,1957,STL,"edgeCore, GreenMath",Luca.Allen@xyz.com,9,3600,3569,"[{""employee_code"": ""1957"", ""name"": ""Luca Allen""}, {""employee_code"": ""2024"", ""name"": ""Graham Roberts""}, {""employee_code"": ""2017"", ""name"": ""Miles Martinez""}, {""employee_code"": ""2058"", ""name"": ""Brooke Reed""}, {""employee_code"": ""2022"", ""name"": ""Levi Stewart""}, {""employee_code"": ""1947"", ""name"": ""Reagan Sullivan""}, {""employee_code"": ""1987"", ""name"": ""Sadie Cameron""}, {""employee_code"": ""2002"", ""name"": ""Adam James""}, {""employee_code"": ""1973"", ""name"": ""Charlotte Ross""}, {""employee_code"": ""2096"", ""name"": ""Alvin Johnson""}]",Bangalore,2024-01-10,01_138,Wednesday,10,True,2024-01-05,Jan W1,7.0,Jan,1
2024-01-22,Luca Allen,1957,STL,"edgeCore, GreenMath",Luca.Allen@xyz.com,11,4400,4475,"[{""employee_code"": ""1957"", ""name"": ""Luca Allen""}, {""employee_code"": ""2024"", ""name"": ""Graham Roberts""}, {""employee_code"": ""2017"", ""name"": ""Miles Martinez""}, {""employee_code"": ""2058"", ""name"": ""Brooke Reed""}, {""employee_code"": ""2022"", ""name"": ""Levi Stewart""}, {""employee_code"": ""1947"", ""name"": ""Reagan Sullivan""}, {""employee_code"": ""1987"", ""name"": ""Sadie Cameron""}, {""employee_code"": ""2002"", ""name"": ""Adam James""}, {""employee_code"": ""1973"", ""name"": ""Charlotte Ross""}, {""employee_code"": ""2096"", ""name"": ""Alvin Johnson""}]",Bangalore,2024-01-14,01_138,Sunday,10,True,2024-01-12,Jan W2,8.0,Jan,2
2024-07-22,Luca Allen,1957,STL,"edgeCore, GreenMath",Luca.Allen@xyz.com,10,4000,3973,"[{""employee_code"": ""1957"", ""name"": ""Luca Allen""}, {""employee_code"": ""2024"", ""name"": ""Graham Roberts""}, {""employee_code"": ""2017"", ""name"": ""Miles Martinez""}, {""employee_code"": ""2058"", ""name"": ""Brooke Reed""}, {""employee_code"": ""2022"", ""name"": ""Levi Stewart""}, {""employee_code"": ""1947"", ""name"": ""Reagan Sullivan""}, {""employee_code"": ""1987"", ""name"": ""Sadie Cameron""}, {""employee_code"": ""2002"", ""name"": ""Adam James""}, {""employee_code"": ""1973"", ""name"": ""Charlotte Ross""}, {""employee_code"": ""2096"", ""name"": ""Alvin Johnson""}]",Bangalore,2024-07-11,07_138,Thursday,10,False,2024-07-05,Jul W1,11.0,Jul,1
2024-06-21,Luca Allen,1957,STL,"edgeCore, GreenMath",Luca.Allen@xyz.com,9,3600,3570,"[{""employee_code"": ""1957"", ""name"": ""Luca Allen""}, {""employee_code"": ""2024"", ""name"": ""Graham Roberts""}, {""employee_code"": ""2017"", ""name"": ""Miles Martinez""}, {""employee_code"": ""2058"", ""name"": ""Brooke Reed""}, {""employee_code"": ""2022"", ""name"": ""Levi Stewart""}, {""employee_code"": ""1947"", ""name"": ""Reagan Sullivan""}, {""employee_code"": ""1987"", ""name"": ""Sadie Cameron""}, {""employee_code"": ""2002"", ""name"": ""Adam James""}, {""employee_code"": ""1973"", ""name"": ""Charlotte Ross""}, {""employee_code"": ""2096"", ""name"": ""Alvin Johnson""}]",Bangalore,2024-06-09,06_138,Sunday,10,True,2024-06-07,Jun W1,12.0,Jun,1
2024-06-28,Luca Allen,1957,STL,"edgeCore, GreenMath",Luca.Allen@xyz.com,11,4400,4389,"[{""employee_code"": ""1957"", ""name"": ""Luca Allen""}, {""employee_code"": ""2024"", ""name"": ""Graham Roberts""}, {""employee_code"": ""2017"", ""name"": ""Miles Martinez""}, {""employee_code"": ""2058"", ""name"": ""Brooke Reed""}, {""employee_code"": ""2022"", ""name"": ""Levi Stewart""}, {""employee_code"": ""1947"", ""name"": ""Reagan Sullivan""}, {""employee_code"": ""1987"", ""name"": ""Sadie Cameron""}, {""employee_code"": ""2002"", ""name"": ""Adam James""}, {""employee_code"": ""1973"", ""name"": ""Charlotte Ross""}, {""employee_code"": ""2096"", ""name"": ""Alvin Johnson""}]",Bangalore,2024-06-15,06_138,Saturday,10,True,2024-06-14,Jun W2,13.0,Jun,2
2024-07-15,Luca Allen,1957,STL,"edgeCore, GreenMath",Luca.Allen@xyz.com,10,4000,4075,"[{""employee_code"": ""1957"", ""name"": ""Luca Allen""}, {""employee_code"": ""2024"", ""name"": ""Graham Roberts""}, {""employee_code"": ""2017"", ""name"": ""Miles Martinez""}, {""employee_code"": ""2058"", ""name"": ""Brooke Reed""}, {""employee_code"": ""2022"", ""name"": ""Levi Stewart""}, {""employee_code"": ""1947"", ""name"": ""Reagan Sullivan""}, {""employee_code"": ""1987"", ""name"": ""Sadie Cameron""}, {""employee_code"": ""2002"", ""name"": ""Adam James""}, {""employee_code"": ""1973"", ""name"": ""Charlotte Ross""}, {""employee_code"": ""2096"", ""name"": ""Alvin Johnson""}]",Bangalore,2024-07-01,07_138,Monday,10,False,2024-06-28,Jul W4,14.0,Jul,4
2024-03-15,Luca Allen,1957,STL,"edgeCore, GreenMath",Luca.Allen@xyz.com,10,4000,4042,"[{""employee_code"": ""1957"", ""name"": ""Luca Allen""}, {""employee_code"": ""2024"", ""name"": ""Graham Roberts""}, {""employee_code"": ""2017"", ""name"": ""Miles Martinez""}, {""employee_code"": ""2058"", ""name"": ""Brooke Reed""}, {""employee_code"": ""2022"", ""name"": ""Levi Stewart""}, {""employee_code"": ""1947"", ""name"": ""Reagan Sullivan""}, {""employee_code"": ""1987"", ""name"": ""Sadie Cameron""}, {""employee_code"": ""2002"", ""name"": ""Adam James""}, {""employee_code"": ""1973"", ""name"": ""Charlotte Ross""}, {""employee_code"": ""2096"", ""name"": ""Alvin Johnson""}]",Bangalore,2024-03-04,03_138,Monday,10,False,2024-03-01,Mar W1,11.0,Mar,1
2024-03-07,Luca Allen,1957,STL,"edgeCore, GreenMath",Luca.Allen@xyz.com,9,3600,3551,"[{""employee_code"": ""1957"", ""name"": ""Luca Allen""}, {""employee_code"": ""2005"", ""name"": ""Zoe Sullivan""}, {""employee_code"": ""2002"", ""name"": ""Adam James""}, {""employee_code"": ""2012"", ""name"": ""Eli Harris""}, {""employee_code"": ""1947"", ""name"": ""Reagan Sullivan""}, {""employee_code"": ""2022"", ""name"": ""Levi Stewart""}, {""employee_code"": ""1962"", ""name"": ""Eden Chang""}, {""employee_code"": ""2001"", ""name"": ""David Baker""}, {""employee_code"": ""1973"", ""name"": ""Charlotte Ross""}]",Bangalore,2024-03-01,03_165,Friday,9,False,2024-03-01,Mar W1,6.0,Mar,1
2024-05-14,Luca Allen,1957,STL,"edgeCore, GreenMath",Luca.Allen@xyz.com,10,4000,4006,"[{""employee_code"": ""1957"", ""name"": ""Luca Allen""}, {""employee_code"": ""2024"", ""name"": ""Graham Roberts""}, {""employee_code"": ""2017"", ""name"": ""Miles Martinez""}, {""employee_code"": ""2058"", ""name"": ""Brooke Reed""}, {""employee_code"": ""2022"", ""name"": ""Levi Stewart""}, {""employee_code"": ""1947"", ""name"": ""Reagan Sullivan""}, {""employee_code"": ""1987"", ""name"": ""Sadie Cameron""}, {""employee_code"": ""2002"", ""name"": ""Adam James""}, {""employee_code"": ""1973"", ""name"": ""Charlotte Ross""}, {""employee_code"": ""2096"", ""name"": ""Alvin Johnson""}]",Bangalore,2024-05-11,05_138,Saturday,10,False,2024-05-10,May W2,3.0,May,2
2024-02-23,Mila Palmer,1996,Talent Partner,-,Mila.Palmer@xyz.com,2,800,743,"[{""employee_code"": ""1996"", ""name"": ""Mila Palmer""}, {""employee_code"": ""2034"", ""name"": ""Chloe Russell""}]",Chennai,2024-02-19,02_63,Monday,2,False,2024-02-16,Feb W3,4.0,Feb,3
2024-01-23,Mila Palmer,1996,Talent Partner,-,Mila.Palmer@xyz.com,2,800,862,"[{""employee_code"": ""1996"", ""name"": ""Mila Palmer""}, {""employee_code"": ""2034"", ""name"": ""Chloe Russell""}]",Chennai,2024-01-15,01_63,Monday,2,False,2024-01-12,Jan W2,8.0,Jan,2
2024-03-14,Mila Palmer,1996,Talent Partner,-,Mila.Palmer@xyz.com,2,800,714,"[{""employee_code"": ""1996"", ""name"": ""Mila Palmer""}, {""employee_code"": ""2034"", ""name"": ""Chloe Russell""}]",Chennai,2024-03-05,03_63,Tuesday,2,False,2024-03-01,Mar W1,9.0,Mar,1
2024-04-21,Mabel Gibson,2008,Software Engineer,greenMath,Mabel.Gibson@xyz.com,4,1600,1519,"[{""employee_code"": ""2008"", ""name"": ""Mabel Gibson""}, {""employee_code"": ""2064"", ""name"": ""Emmett Hall""}, {""employee_code"": ""2044"", ""name"": ""Jacob Williamson""}, {""employee_code"": ""2051"", ""name"": ""Liana Rodriguez""}]",Chennai,2024-04-09,04_55,Tuesday,4,False,2024-04-05,Apr W1,12.0,Apr,1
2024-08-26,Mabel Gibson,2008,Software Engineer,greenMath,Mabel.Gibson@xyz.com,4,1600,1699,"[{""employee_code"": ""2008"", ""name"": ""Mabel Gibson""}, {""employee_code"": ""2064"", ""name"": ""Emmett Hall""}, {""employee_code"": ""2044"", ""name"": ""Jacob Williamson""}, {""employee_code"": ""2051"", ""name"": ""Liana Rodriguez""}]",Chennai,2024-08-13,08_55,Tuesday,4,False,2024-08-09,Aug W2,13.0,Aug,2
2024-01-17,Mabel Gibson,2008,Software Engineer,greenMath,Mabel.Gibson@xyz.com,4,1600,1700,"[{""employee_code"": ""2008"", ""name"": ""Mabel Gibson""}, {""employee_code"": ""2064"", ""name"": ""Emmett Hall""}, {""employee_code"": ""2044"", ""name"": ""Jacob Williamson""}, {""employee_code"": ""2051"", ""name"": ""Liana Rodriguez""}]",Chennai,2024-01-06,01_55,Saturday,4,False,2024-01-05,Jan W1,11.0,Jan,1
2024-07-20,Mabel Gibson,2008,Software Engineer,greenMath,Mabel.Gibson@xyz.com,4,1600,1571,"[{""employee_code"": ""2008"", ""name"": ""Mabel Gibson""}, {""employee_code"": ""2064"", ""name"": ""Emmett Hall""}, {""employee_code"": ""2044"", ""name"": ""Jacob Williamson""}, {""employee_code"": ""2051"", ""name"": ""Liana Rodriguez""}]",Chennai,2024-07-06,07_55,Saturday,4,False,2024-07-05,Jul W1,14.0,Jul,1
2024-03-24,Mabel Gibson,2008,Software Engineer,greenMath,Mabel.Gibson@xyz.com,8,3200,3111,"[{""employee_code"": ""2008"", ""name"": ""Mabel Gibson""}, {""employee_code"": ""2064"", ""name"": ""Emmett Hall""}, {""employee_code"": ""2052"", ""name"": ""Cameron Gibson""}, {""employee_code"": ""2043"", ""name"": ""Josie Barnes""}, {""employee_code"": ""2050"", ""name"": ""Stella Ross""}, {""employee_code"": ""1932"", ""name"": ""Nia Ross""}, {""employee_code"": ""2047"", ""name"": ""Mackenzie Mitchell""}, {""employee_code"": ""2044"", ""name"": ""Jacob Williamson""}]",Chennai,2024-03-14,03_128,Thursday,8,False,2024-03-08,Mar W2,10.0,Mar,2
2024-03-22,Mabel Gibson,2008,Software Engineer,greenMath,Mabel.Gibson@xyz.com,4,1600,1672,"[{""employee_code"": ""2008"", ""name"": ""Mabel Gibson""}, {""employee_code"": ""2064"", ""name"": ""Emmett Hall""}, {""employee_code"": ""2044"", ""name"": ""Jacob Williamson""}, {""employee_code"": ""2051"", ""name"": ""Liana Rodriguez""}]",Chennai,2024-03-20,03_55,Wednesday,4,False,2024-03-15,Mar W3,2.0,Mar,3
2024-05-20,Mabel Gibson,2008,Software Engineer,greenMath,Mabel.Gibson@xyz.com,10,4000,3923,"[{""employee_code"": ""2008"", ""name"": ""Mabel Gibson""}, {""employee_code"": ""2064"", ""name"": ""Emmett Hall""}, {""employee_code"": ""2052"", ""name"": ""Cameron Gibson""}, {""employee_code"": ""2043"", ""name"": ""Josie Barnes""}, {""employee_code"": ""1970"", ""name"": ""Benjamin Bishop""}, {""employee_code"": ""2048"", ""name"": ""Leo Evans""}, {""employee_code"": ""1932"", ""name"": ""Nia Ross""}, {""employee_code"": ""2037"", ""name"": ""Mack Lopez""}, {""employee_code"": ""2047"", ""name"": ""Mackenzie Mitchell""}, {""employee_code"": ""2046"", ""name"": ""Aubrey Adams""}]",Chennai,2024-05-11,05_56,Saturday,10,False,2024-05-10,May W2,9.0,May,2
2024-06-15,Mabel Gibson,2008,Software Engineer,greenMath,Mabel.Gibson@xyz.com,4,1600,1527,"[{""employee_code"": ""2008"", ""name"": ""Mabel Gibson""}, {""employee_code"": ""2064"", ""name"": ""Emmett Hall""}, {""employee_code"": ""2044"", ""name"": ""Jacob Williamson""}, {""employee_code"": ""2051"", ""name"": ""Liana Rodriguez""}]",Chennai,2024-06-06,06_55,Thursday,4,False,2024-05-31,Jun W5,9.0,Jun,5
2024-09-21,Mabel Gibson,2008,Software Engineer,greenMath,Mabel.Gibson@xyz.com,4,1600,1545,"[{""employee_code"": ""2008"", ""name"": ""Mabel Gibson""}, {""employee_code"": ""2064"", ""name"": ""Emmett Hall""}, {""employee_code"": ""2044"", ""name"": ""Jacob Williamson""}, {""employee_code"": ""2051"", ""name"": ""Liana Rodriguez""}]",Chennai,2024-09-10,09_55,Tuesday,4,False,2024-09-06,Sep W1,11.0,Sep,1
2024-04-22,Maddox Perez,2011,Associate ,LTV - Tripadvisor,Maddox.Perez@xyz.com,8,3200,3193,"[{""employee_code"": ""2011"", ""name"": ""Maddox Perez""}, {""employee_code"": ""2003"", ""name"": ""Milo Clark""}, {""employee_code"": ""2010"", ""name"": ""Aubrey Thomas""}, {""employee_code"": ""2049"", ""name"": ""Olivia Alexander""}, {""employee_code"": ""2045"", ""name"": ""Harrison Duncan""}, {""employee_code"": ""2034"", ""name"": ""Chloe Russell""}, {""employee_code"": ""2055"", ""name"": ""Brooke Mitchell""}, {""employee_code"": ""2042"", ""name"": ""Chloe Ross""}]",Chennai,2024-04-09,04_7,Tuesday,8,False,2024-04-05,Apr W1,13.0,Apr,1
2024-08-23,Maddox Perez,2011,Associate ,LTV - Tripadvisor,Maddox.Perez@xyz.com,9,3600,3615,"[{""employee_code"": ""2011"", ""name"": ""Maddox Perez""}, {""employee_code"": ""2003"", ""name"": ""Milo Clark""}, {""employee_code"": ""2010"", ""name"": ""Aubrey Thomas""}, {""employee_code"": ""2049"", ""name"": ""Olivia Alexander""}, {""employee_code"": ""2045"", ""name"": ""Harrison Duncan""}, {""employee_code"": ""2034"", ""name"": ""Chloe Russell""}, {""employee_code"": ""2055"", ""name"": ""Brooke Mitchell""}, {""employee_code"": ""2042"", ""name"": ""Chloe Ross""}]",Chennai,2024-08-09,08_7,Friday,8,True,2024-08-09,Aug W2,14.0,Aug,2
2024-02-05,Maddox Perez,2011,Associate ,LTV - Tripadvisor,Maddox.Perez@xyz.com,8,3200,3176,"[{""employee_code"": ""2011"", ""name"": ""Maddox Perez""}, {""employee_code"": ""2003"", ""name"": ""Milo Clark""}, {""employee_code"": ""2010"", ""name"": ""Aubrey Thomas""}, {""employee_code"": ""2049"", ""name"": ""Olivia Alexander""}, {""employee_code"": ""2045"", ""name"": ""Harrison Duncan""}, {""employee_code"": ""2034"", ""name"": ""Chloe Russell""}, {""employee_code"": ""2055"", ""name"": ""Brooke Mitchell""}, {""employee_code"": ""2042"", ""name"": ""Chloe Ross""}]",Chennai,2024-02-03,02_7,Saturday,8,False,2024-02-02,Feb W1,2.0,Feb,1
2024-01-30,Maddox Perez,2011,Associate ,LTV - Tripadvisor,Maddox.Perez@xyz.com,9,3600,3501,"[{""employee_code"": ""2011"", ""name"": ""Maddox Perez""}, {""employee_code"": ""2003"", ""name"": ""Milo Clark""}, {""employee_code"": ""2010"", ""name"": ""Aubrey Thomas""}, {""employee_code"": ""2049"", ""name"": ""Olivia Alexander""}, {""employee_code"": ""2045"", ""name"": ""Harrison Duncan""}, {""employee_code"": ""2034"", ""name"": ""Chloe Russell""}, {""employee_code"": ""2055"", ""name"": ""Brooke Mitchell""}, {""employee_code"": ""2042"", ""name"": ""Chloe Ross""}]",Chennai,2024-01-16,01_7,Tuesday,8,True,2024-01-12,Jan W2,14.0,Jan,2
2024-06-22,Maddox Perez,2011,Associate ,LTV - Tripadvisor,Maddox.Perez@xyz.com,9,3600,3515,"[{""employee_code"": ""2011"", ""name"": ""Maddox Perez""}, {""employee_code"": ""2003"", ""name"": ""Milo Clark""}, {""employee_code"": ""2010"", ""name"": ""Aubrey Thomas""}, {""employee_code"": ""2049"", ""name"": ""Olivia Alexander""}, {""employee_code"": ""2045"", ""name"": ""Harrison Duncan""}, {""employee_code"": ""2034"", ""name"": ""Chloe Russell""}, {""employee_code"": ""2055"", ""name"": ""Brooke Mitchell""}, {""employee_code"": ""2042"", ""name"": ""Chloe Ross""}]",Chennai,2024-06-19,06_7,Wednesday,8,True,2024-06-14,Jun W2,3.0,Jun,2
2024-04-20,Henry Elliott,2014,Talent Partner,HR,Henry.Elliott@xyz.com,3,1200,1135,"[{""employee_code"": ""2014"", ""name"": ""Henry Elliott""}, {""employee_code"": ""1996"", ""name"": ""Mila Palmer""}, {""employee_code"": ""2054"", ""name"": ""Layla Henderson""}]",Chennai,2024-04-16,04_146,Tuesday,3,False,2024-04-12,Apr W2,4.0,Apr,2
2024-01-10,Henry Elliott,2014,Talent Partner,HR,Henry.Elliott@xyz.com,2,800,849,"[{""employee_code"": ""2014"", ""name"": ""Henry Elliott""}, {""employee_code"": ""1996"", ""name"": ""Mila Palmer""}]",Chennai,2024-01-09,01_17,Tuesday,2,False,2024-01-05,Jan W1,1.0,Jan,1
2024-07-28,Henry Elliott,2014,Talent Partner,HR,Henry.Elliott@xyz.com,3,1200,1254,"[{""employee_code"": ""2014"", ""name"": ""Henry Elliott""}, {""employee_code"": ""1996"", ""name"": ""Mila Palmer""}, {""employee_code"": ""2054"", ""name"": ""Layla Henderson""}]",Chennai,2024-07-15,07_146,Monday,3,False,2024-07-12,Jul W2,13.0,Jul,2
2024-04-16,Miles Martinez,2017,Software Engineer,Greenmath,Miles.Martinez@xyz.com,21,8400,8366,"[{""employee_code"": ""2005"", ""name"": ""Zoe Sullivan""}, {""employee_code"": ""1957"", ""name"": ""Luca Allen""}, {""employee_code"": ""2017"", ""name"": ""Miles Martinez""}, {""employee_code"": ""2057"", ""name"": ""Amos Cameron""}, {""employee_code"": ""2056"", ""name"": ""Hope Garc?""}, {""employee_code"": ""2033"", ""name"": ""Gabriel Allen""}, {""employee_code"": ""2072"", ""name"": ""Mia Duncan""}, {""employee_code"": ""2058"", ""name"": ""Brooke Reed""}, {""employee_code"": ""2061"", ""name"": ""Sebastian Mitchell""}, {""employee_code"": ""2059"", ""name"": ""Amelia Hawkins""}, {""employee_code"": ""2067"", ""name"": ""Ariana Martinez""}, {""employee_code"": ""2073"", ""name"": ""June Wright""}, {""employee_code"": ""2012"", ""name"": ""Eli Harris""}, {""employee_code"": ""1941"", ""name"": ""Miles Elliott""}, {""employee_code"": ""2024"", ""name"": ""Graham Roberts""}, {""employee_code"": ""1987"", ""name"": ""Sadie Cameron""}, {""employee_code"": ""2020"", ""name"": ""Carson Hill""}, {""employee_code"": ""2006"", ""name"": ""Carson Nelson""}]",Bangalore,2024-04-05,04_37,Friday,18,True,2024-04-05,Apr W1,11.0,Apr,1
2024-01-24,Miles Martinez,2017,Software Engineer,Greenmath,Miles.Martinez@xyz.com,19,7600,7649,"[{""employee_code"": ""2005"", ""name"": ""Zoe Sullivan""}, {""employee_code"": ""1957"", ""name"": ""Luca Allen""}, {""employee_code"": ""2017"", ""name"": ""Miles Martinez""}, {""employee_code"": ""2057"", ""name"": ""Amos Cameron""}, {""employee_code"": ""2056"", ""name"": ""Hope Garc?""}, {""employee_code"": ""2033"", ""name"": ""Gabriel Allen""}, {""employee_code"": ""2072"", ""name"": ""Mia Duncan""}, {""employee_code"": ""2058"", ""name"": ""Brooke Reed""}, {""employee_code"": ""2061"", ""name"": ""Sebastian Mitchell""}, {""employee_code"": ""2059"", ""name"": ""Amelia Hawkins""}, {""employee_code"": ""2067"", ""name"": ""Ariana Martinez""}, {""employee_code"": ""2073"", ""name"": ""June Wright""}, {""employee_code"": ""2012"", ""name"": ""Eli Harris""}, {""employee_code"": ""1941"", ""name"": ""Miles Elliott""}, {""employee_code"": ""2024"", ""name"": ""Graham Roberts""}, {""employee_code"": ""1987"", ""name"": ""Sadie Cameron""}, {""employee_code"": ""2020"", ""name"": ""Carson Hill""}, {""employee_code"": ""2006"", ""name"": ""Carson Nelson""}]",Bangalore,2024-01-10,01_37,Wednesday,18,True,2024-01-05,Jan W1,14.0,Jan,1
2024-07-13,Miles Martinez,2017,Software Engineer,Greenmath,Miles.Martinez@xyz.com,19,7600,7663,"[{""employee_code"": ""2005"", ""name"": ""Zoe Sullivan""}, {""employee_code"": ""1957"", ""name"": ""Luca Allen""}, {""employee_code"": ""2017"", ""name"": ""Miles Martinez""}, {""employee_code"": ""2057"", ""name"": ""Amos Cameron""}, {""employee_code"": ""2056"", ""name"": ""Hope Garc?""}, {""employee_code"": ""2033"", ""name"": ""Gabriel Allen""}, {""employee_code"": ""2072"", ""name"": ""Mia Duncan""}, {""employee_code"": ""2058"", ""name"": ""Brooke Reed""}, {""employee_code"": ""2061"", ""name"": ""Sebastian Mitchell""}, {""employee_code"": ""2059"", ""name"": ""Amelia Hawkins""}, {""employee_code"": ""2067"", ""name"": ""Ariana Martinez""}, {""employee_code"": ""2073"", ""name"": ""June Wright""}, {""employee_code"": ""2012"", ""name"": ""Eli Harris""}, {""employee_code"": ""1941"", ""name"": ""Miles Elliott""}, {""employee_code"": ""2024"", ""name"": ""Graham Roberts""}, {""employee_code"": ""1987"", ""name"": ""Sadie Cameron""}, {""employee_code"": ""2020"", ""name"": ""Carson Hill""}, {""employee_code"": ""2006"", ""name"": ""Carson Nelson""}]",Bangalore,2024-07-06,07_37,Saturday,18,True,2024-07-05,Jul W1,7.0,Jul,1
2024-06-14,Miles Martinez,2017,Software Engineer,Greenmath,Miles.Martinez@xyz.com,20,8000,7949,"[{""employee_code"": ""2005"", ""name"": ""Zoe Sullivan""}, {""employee_code"": ""1957"", ""name"": ""Luca Allen""}, {""employee_code"": ""2017"", ""name"": ""Miles Martinez""}, {""employee_code"": ""2057"", ""name"": ""Amos Cameron""}, {""employee_code"": ""2056"", ""name"": ""Hope Garc?""}, {""employee_code"": ""2033"", ""name"": ""Gabriel Allen""}, {""employee_code"": ""2072"", ""name"": ""Mia Duncan""}, {""employee_code"": ""2058"", ""name"": ""Brooke Reed""}, {""employee_code"": ""2061"", ""name"": ""Sebastian Mitchell""}, {""employee_code"": ""2059"", ""name"": ""Amelia Hawkins""}, {""employee_code"": ""2067"", ""name"": ""Ariana Martinez""}, {""employee_code"": ""2073"", ""name"": ""June Wright""}, {""employee_code"": ""2012"", ""name"": ""Eli Harris""}, {""employee_code"": ""1941"", ""name"": ""Miles Elliott""}, {""employee_code"": ""2024"", ""name"": ""Graham Roberts""}, {""employee_code"": ""1987"", ""name"": ""Sadie Cameron""}, {""employee_code"": ""2020"", ""name"": ""Carson Hill""}, {""employee_code"": ""2006"", ""name"": ""Carson Nelson""}]",Bangalore,2024-06-10,06_37,Monday,18,True,2024-06-07,Jun W1,4.0,Jun,1
2024-03-27,Miles Martinez,2017,Software Engineer,Greenmath,Miles.Martinez@xyz.com,18,7200,7286,"[{""employee_code"": ""2005"", ""name"": ""Zoe Sullivan""}, {""employee_code"": ""1957"", ""name"": ""Luca Allen""}, {""employee_code"": ""2017"", ""name"": ""Miles Martinez""}, {""employee_code"": ""2057"", ""name"": ""Amos Cameron""}, {""employee_code"": ""2056"", ""name"": ""Hope Garc?""}, {""employee_code"": ""2033"", ""name"": ""Gabriel Allen""}, {""employee_code"": ""2072"", ""name"": ""Mia Duncan""}, {""employee_code"": ""2058"", ""name"": ""Brooke Reed""}, {""employee_code"": ""2061"", ""name"": ""Sebastian Mitchell""}, {""employee_code"": ""2059"", ""name"": ""Amelia Hawkins""}, {""employee_code"": ""2067"", ""name"": ""Ariana Martinez""}, {""employee_code"": ""2073"", ""name"": ""June Wright""}, {""employee_code"": ""2012"", ""name"": ""Eli Harris""}, {""employee_code"": ""1941"", ""name"": ""Miles Elliott""}, {""employee_code"": ""2024"", ""name"": ""Graham Roberts""}, {""employee_code"": ""1987"", ""name"": ""Sadie Cameron""}, {""employee_code"": ""2020"", ""name"": ""Carson Hill""}, {""employee_code"": ""2006"", ""name"": ""Carson Nelson""}]",Bangalore,2024-03-17,03_37,Sunday,18,False,2024-03-15,Mar W3,10.0,Mar,3
2024-04-18,Miles Martinez,2017,Software Engineer,Greenmath,Miles.Martinez@xyz.com,21,8400,8494,"[{""employee_code"": ""2005"", ""name"": ""Zoe Sullivan""}, {""employee_code"": ""1957"", ""name"": ""Luca Allen""}, {""employee_code"": ""2017"", ""name"": ""Miles Martinez""}, {""employee_code"": ""2057"", ""name"": ""Amos Cameron""}, {""employee_code"": ""2056"", ""name"": ""Hope Garc?""}, {""employee_code"": ""2033"", ""name"": ""Gabriel Allen""}, {""employee_code"": ""2072"", ""name"": ""Mia Duncan""}, {""employee_code"": ""2058"", ""name"": ""Brooke Reed""}, {""employee_code"": ""2061"", ""name"": ""Sebastian Mitchell""}, {""employee_code"": ""2059"", ""name"": ""Amelia Hawkins""}, {""employee_code"": ""2067"", ""name"": ""Ariana Martinez""}, {""employee_code"": ""2073"", ""name"": ""June Wright""}, {""employee_code"": ""2012"", ""name"": ""Eli Harris""}, {""employee_code"": ""1941"", ""name"": ""Miles Elliott""}, {""employee_code"": ""2024"", ""name"": ""Graham Roberts""}, {""employee_code"": ""1987"", ""name"": ""Sadie Cameron""}, {""employee_code"": ""2020"", ""name"": ""Carson Hill""}, {""employee_code"": ""2006"", ""name"": ""Carson Nelson""}]",Bangalore,2024-04-04,04_37,Thursday,18,True,2024-03-29,Apr W5,14.0,Apr,5
2024-09-22,Miles Martinez,2017,Software Engineer,Greenmath,Miles.Martinez@xyz.com,19,7600,7618,"[{""employee_code"": ""2005"", ""name"": ""Zoe Sullivan""}, {""employee_code"": ""1957"", ""name"": ""Luca Allen""}, {""employee_code"": ""2017"", ""name"": ""Miles Martinez""}, {""employee_code"": ""2057"", ""name"": ""Amos Cameron""}, {""employee_code"": ""2056"", ""name"": ""Hope Garc?""}, {""employee_code"": ""2033"", ""name"": ""Gabriel Allen""}, {""employee_code"": ""2072"", ""name"": ""Mia Duncan""}, {""employee_code"": ""2058"", ""name"": ""Brooke Reed""}, {""employee_code"": ""2061"", ""name"": ""Sebastian Mitchell""}, {""employee_code"": ""2059"", ""name"": ""Amelia Hawkins""}, {""employee_code"": ""2067"", ""name"": ""Ariana Martinez""}, {""employee_code"": ""2073"", ""name"": ""June Wright""}, {""employee_code"": ""2012"", ""name"": ""Eli Harris""}, {""employee_code"": ""1941"", ""name"": ""Miles Elliott""}, {""employee_code"": ""2024"", ""name"": ""Graham Roberts""}, {""employee_code"": ""1987"", ""name"": ""Sadie Cameron""}, {""employee_code"": ""2020"", ""name"": ""Carson Hill""}, {""employee_code"": ""2006"", ""name"": ""Carson Nelson""}]",Bangalore,2024-09-13,09_37,Friday,18,True,2024-09-13,Sep W2,9.0,Sep,2
2024-02-27,Graham Roberts,2024,Software Engineer,edgeCore,Graham.Roberts@xyz.com,14,5600,5690,"[{""employee_code"": ""2024"", ""name"": ""Graham Roberts""}, {""employee_code"": ""2056"", ""name"": ""Hope Garc?""}, {""employee_code"": ""1941"", ""name"": ""Miles Elliott""}, {""employee_code"": ""1957"", ""name"": ""Luca Allen""}, {""employee_code"": ""2072"", ""name"": ""Mia Duncan""}, {""employee_code"": ""2073"", ""name"": ""June Wright""}, {""employee_code"": ""2058"", ""name"": ""Brooke Reed""}, {""employee_code"": ""2005"", ""name"": ""Zoe Sullivan""}, {""employee_code"": ""2017"", ""name"": ""Miles Martinez""}, {""employee_code"": ""2012"", ""name"": ""Eli Harris""}, {""employee_code"": ""1962"", ""name"": ""Eden Chang""}, {""employee_code"": ""1947"", ""name"": ""Reagan Sullivan""}, {""employee_code"": ""2002"", ""name"": ""Adam James""}, {""employee_code"": ""2033"", ""name"": ""Gabriel Allen""}, {""employee_code"": ""2001"", ""name"": ""David Baker""}]",Chennai,2024-02-15,02_112,Thursday,15,True,2024-02-09,Feb W2,12.0,Feb,2
2024-03-10,Graham Roberts,2024,Software Engineer,edgeCore,Graham.Roberts@xyz.com,14,5600,5587,"[{""employee_code"": ""2024"", ""name"": ""Graham Roberts""}, {""employee_code"": ""2056"", ""name"": ""Hope Garc?""}, {""employee_code"": ""1941"", ""name"": ""Miles Elliott""}, {""employee_code"": ""1957"", ""name"": ""Luca Allen""}, {""employee_code"": ""2072"", ""name"": ""Mia Duncan""}, {""employee_code"": ""2073"", ""name"": ""June Wright""}, {""employee_code"": ""2058"", ""name"": ""Brooke Reed""}, {""employee_code"": ""2005"", ""name"": ""Zoe Sullivan""}, {""employee_code"": ""2017"", ""name"": ""Miles Martinez""}, {""employee_code"": ""2012"", ""name"": ""Eli Harris""}, {""employee_code"": ""1962"", ""name"": ""Eden Chang""}, {""employee_code"": ""1947"", ""name"": ""Reagan Sullivan""}, {""employee_code"": ""2002"", ""name"": ""Adam James""}, {""employee_code"": ""2033"", ""name"": ""Gabriel Allen""}, {""employee_code"": ""2001"", ""name"": ""David Baker""}]",Chennai,2024-03-06,03_112,Wednesday,15,True,2024-03-01,Mar W1,4.0,Mar,1
2024-01-18,Vivian Johnson,2029,Data Engineer,o9 -  TMobile Resilinc,Vivian.Johnson@xyz.com,1,400,405,"[{""employee_code"": ""2029"", ""name"": ""Vivian Johnson""}]",Chennai,2024-01-04,01_175,Thursday,1,False,2024-01-05,Jan W1,14.0,Jan,1
2024-03-24,Vivian Johnson,2029,Data Engineer,o9 -  TMobile Resilinc,Vivian.Johnson@xyz.com,1,400,300,"[{""employee_code"": ""2029"", ""name"": ""Vivian Johnson""}]",Chennai,2024-03-18,03_175,Monday,1,False,2024-03-15,Mar W3,6.0,Mar,3
2024-01-16,Mack Lopez,2037,ASSOCIATE,GREENMATH,Mack.Lopez@xyz.com,2,800,819,"[{""employee_code"": ""2037"", ""name"": ""Mack Lopez""}, {""employee_code"": ""2034"", ""name"": ""Chloe Russell""}]",Chennai,2024-01-04,01_100,Thursday,2,False,2024-01-05,Jan W1,12.0,Jan,1
2024-03-05,Liana Rodriguez,2051,Data Scientist,o9 - Iveco,Liana.Rodriguez@xyz.com,12,4800,4825,"[{""employee_code"": ""1916"", ""name"": ""Cameron Bradley""}, {""employee_code"": ""2033"", ""name"": ""Gabriel Allen""}, {""employee_code"": ""2032"", ""name"": ""Natalie Duncan""}, {""employee_code"": ""1945"", ""name"": ""Josiah Graham""}, {""employee_code"": ""2029"", ""name"": ""Vivian Johnson""}, {""employee_code"": ""2068"", ""name"": ""Nia Thomas""}, {""employee_code"": ""2089"", ""name"": ""Jonah Hughes""}, {""employee_code"": ""2030"", ""name"": ""Mackenzie Graham""}, {""employee_code"": ""2077"", ""name"": ""Felicity Craig""}, {""employee_code"": ""2085"", ""name"": ""Dylan Hayes""}, {""employee_code"": ""2041"", ""name"": ""Miles Foster""}, {""employee_code"": NaN, ""name"": ""Autumn Hughes""}, {""employee_code"": ""D777"", ""name"": ""Jonah Baker""}, {""employee_code"": NaN, ""name"": ""Jack Bran""}, {""employee_code"": NaN, ""name"": ""Hanna Jo""}, {""employee_code"": NaN, ""name"": ""Kib Jim""}, {""employee_code"": NaN, ""name"": ""Alice Johnson""}, {""employee_code"": NaN, ""name"": ""Olivia Wright""}, {""employee_code"": NaN, ""name"": ""Peter Scott""}, {""employee_code"": NaN, ""name"": ""Quinn Adams""}, {""employee_code"": NaN, ""name"": ""Rachel Nelson""}, {""employee_code"": NaN, ""name"": ""Samuel Baker""}, {""employee_code"": NaN, ""name"": ""Taylor Carter""}, {""employee_code"": NaN, ""name"": ""Victor Perez""}, {""employee_code"": NaN, ""name"": ""Wendy Roberts""}, {""employee_code"": ""Consultant"", ""name"": ""Xavier Turner""}, {""employee_code"": NaN, ""name"": ""Leah Powell""}, {""employee_code"": NaN, ""name"": ""Naomi Patterson""}, {""employee_code"": NaN, ""name"": ""Paige Flores""}, {""employee_code"": NaN, ""name"": ""Ging John""}, {""employee_code"": ""2051"", ""name"": ""Liana Rodriguez""}]",Chennai,2024-03-02,03_145,Saturday,31,True,2024-03-01,Mar W1,3.0,Mar,1
2024-04-06,Liana Rodriguez,2051,Data Scientist,o9 - Iveco,Liana.Rodriguez@xyz.com,12,4800,4714,"[{""employee_code"": ""1916"", ""name"": ""Cameron Bradley""}, {""employee_code"": ""2033"", ""name"": ""Gabriel Allen""}, {""employee_code"": ""2032"", ""name"": ""Natalie Duncan""}, {""employee_code"": ""1945"", ""name"": ""Josiah Graham""}, {""employee_code"": ""2029"", ""name"": ""Vivian Johnson""}, {""employee_code"": ""2068"", ""name"": ""Nia Thomas""}, {""employee_code"": ""2089"", ""name"": ""Jonah Hughes""}, {""employee_code"": ""2030"", ""name"": ""Mackenzie Graham""}, {""employee_code"": ""2077"", ""name"": ""Felicity Craig""}, {""employee_code"": ""2085"", ""name"": ""Dylan Hayes""}, {""employee_code"": ""2041"", ""name"": ""Miles Foster""}, {""employee_code"": NaN, ""name"": ""Autumn Hughes""}, {""employee_code"": ""D777"", ""name"": ""Jonah Baker""}, {""employee_code"": NaN, ""name"": ""Jack Bran""}, {""employee_code"": NaN, ""name"": ""Hanna Jo""}, {""employee_code"": NaN, ""name"": ""Kib Jim""}, {""employee_code"": NaN, ""name"": ""Alice Johnson""}, {""employee_code"": NaN, ""name"": ""Olivia Wright""}, {""employee_code"": NaN, ""name"": ""Peter Scott""}, {""employee_code"": NaN, ""name"": ""Quinn Adams""}, {""employee_code"": NaN, ""name"": ""Rachel Nelson""}, {""employee_code"": NaN, ""name"": ""Samuel Baker""}, {""employee_code"": NaN, ""name"": ""Taylor Carter""}, {""employee_code"": NaN, ""name"": ""Victor Perez""}, {""employee_code"": NaN, ""name"": ""Wendy Roberts""}, {""employee_code"": ""Consultant"", ""name"": ""Xavier Turner""}, {""employee_code"": NaN, ""name"": ""Leah Powell""}, {""employee_code"": NaN, ""name"": ""Naomi Patterson""}, {""employee_code"": NaN, ""name"": ""Paige Flores""}, {""employee_code"": NaN, ""name"": ""Ging John""}, {""employee_code"": ""2051"", ""name"": ""Liana Rodriguez""}]",Chennai,2024-04-01,04_145,Monday,31,True,2024-03-29,Apr W5,5.0,Apr,5
2024-01-26,Nia Thomas,2068,Data Engineer,-,Nia.Thomas@xyz.com,5,2000,2003,"[{""employee_code"": ""2068"", ""name"": ""Nia Thomas""}, {""employee_code"": ""2053"", ""name"": ""Vivian Mitchell""}, {""employee_code"": ""2084"", ""name"": ""Aidan Bennett""}, {""employee_code"": ""2083"", ""name"": ""Skylar James""}, {""employee_code"": NaN, ""name"": NaN}]",Chennai,2024-01-12,01_83,Friday,5,False,2024-01-12,Jan W2,14.0,Jan,2
2024-04-27,Penelope Alexander,2070,Business Analyst,edgeCore,Penelope.Alexander@xyz.com,1,400,455,"[{""employee_code"": NaN, ""name"": ""Autumn Hughes""}, {""employee_code"": ""D777"", ""name"": ""Jonah Baker""}, {""employee_code"": NaN, ""name"": ""Jack Bran""}, {""employee_code"": NaN, ""name"": ""Hanna Jo""}, {""employee_code"": NaN, ""name"": ""Kib Jim""}, {""employee_code"": NaN, ""name"": ""Alice Johnson""}, {""employee_code"": NaN, ""name"": ""Olivia Wright""}, {""employee_code"": NaN, ""name"": ""Peter Scott""}, {""employee_code"": NaN, ""name"": ""Quinn Adams""}, {""employee_code"": NaN, ""name"": ""Rachel Nelson""}, {""employee_code"": NaN, ""name"": ""Samuel Baker""}, {""employee_code"": NaN, ""name"": ""Taylor Carter""}, {""employee_code"": NaN, ""name"": ""Victor Perez""}, {""employee_code"": NaN, ""name"": ""Wendy Roberts""}, {""employee_code"": ""Consultant"", ""name"": ""Xavier Turner""}, {""employee_code"": NaN, ""name"": ""Leah Powell""}, {""employee_code"": NaN, ""name"": ""Naomi Patterson""}, {""employee_code"": NaN, ""name"": ""Paige Flores""}, {""employee_code"": NaN, ""name"": ""Ging John""}]",Chennai,2024-04-20,04_126,Saturday,19,True,2024-04-19,Apr W3,7.0,Apr,3
2024-08-22,Penelope Alexander,2070,Business Analyst,edgeCore,Penelope.Alexander@xyz.com,1,400,344,"[{""employee_code"": NaN, ""name"": ""Autumn Hughes""}, {""employee_code"": ""D777"", ""name"": ""Jonah Baker""}, {""employee_code"": NaN, ""name"": ""Jack Bran""}, {""employee_code"": NaN, ""name"": ""Hanna Jo""}, {""employee_code"": NaN, ""name"": ""Kib Jim""}, {""employee_code"": NaN, ""name"": ""Alice Johnson""}, {""employee_code"": NaN, ""name"": ""Olivia Wright""}, {""employee_code"": NaN, ""name"": ""Peter Scott""}, {""employee_code"": NaN, ""name"": ""Quinn Adams""}, {""employee_code"": NaN, ""name"": ""Rachel Nelson""}, {""employee_code"": NaN, ""name"": ""Samuel Baker""}, {""employee_code"": NaN, ""name"": ""Taylor Carter""}, {""employee_code"": NaN, ""name"": ""Victor Perez""}, {""employee_code"": NaN, ""name"": ""Wendy Roberts""}, {""employee_code"": ""Consultant"", ""name"": ""Xavier Turner""}, {""employee_code"": NaN, ""name"": ""Leah Powell""}, {""employee_code"": NaN, ""name"": ""Naomi Patterson""}, {""employee_code"": NaN, ""name"": ""Paige Flores""}, {""employee_code"": NaN, ""name"": ""Ging John""}]",Chennai,2024-08-10,08_126,Saturday,19,True,2024-08-09,Aug W2,12.0,Aug,2
2024-06-28,Penelope Alexander,2070,Business Analyst,edgeCore,Penelope.Alexander@xyz.com,1,400,360,"[{""employee_code"": NaN, ""name"": ""Autumn Hughes""}, {""employee_code"": ""D777"", ""name"": ""Jonah Baker""}, {""employee_code"": NaN, ""name"": ""Jack Bran""}, {""employee_code"": NaN, ""name"": ""Hanna Jo""}, {""employee_code"": NaN, ""name"": ""Kib Jim""}, {""employee_code"": NaN, ""name"": ""Alice Johnson""}, {""employee_code"": NaN, ""name"": ""Olivia Wright""}, {""employee_code"": NaN, ""name"": ""Peter Scott""}, {""employee_code"": NaN, ""name"": ""Quinn Adams""}, {""employee_code"": NaN, ""name"": ""Rachel Nelson""}, {""employee_code"": NaN, ""name"": ""Samuel Baker""}, {""employee_code"": NaN, ""name"": ""Taylor Carter""}, {""employee_code"": NaN, ""name"": ""Victor Perez""}, {""employee_code"": NaN, ""name"": ""Wendy Roberts""}, {""employee_code"": ""Consultant"", ""name"": ""Xavier Turner""}, {""employee_code"": NaN, ""name"": ""Leah Powell""}, {""employee_code"": NaN, ""name"": ""Naomi Patterson""}, {""employee_code"": NaN, ""name"": ""Paige Flores""}, {""employee_code"": NaN, ""name"": ""Ging John""}]",Chennai,2024-06-14,06_126,Friday,19,True,2024-06-14,Jun W2,14.0,Jun,2
2024-03-14,Penelope Alexander,2070,Business Analyst,edgeCore,Penelope.Alexander@xyz.com,1,400,463,"[{""employee_code"": NaN, ""name"": ""Autumn Hughes""}, {""employee_code"": ""D777"", ""name"": ""Jonah Baker""}, {""employee_code"": NaN, ""name"": ""Jack Bran""}, {""employee_code"": NaN, ""name"": ""Hanna Jo""}, {""employee_code"": NaN, ""name"": ""Kib Jim""}, {""employee_code"": NaN, ""name"": ""Alice Johnson""}, {""employee_code"": NaN, ""name"": ""Olivia Wright""}, {""employee_code"": NaN, ""name"": ""Peter Scott""}, {""employee_code"": NaN, ""name"": ""Quinn Adams""}, {""employee_code"": NaN, ""name"": ""Rachel Nelson""}, {""employee_code"": NaN, ""name"": ""Samuel Baker""}, {""employee_code"": NaN, ""name"": ""Taylor Carter""}, {""employee_code"": NaN, ""name"": ""Victor Perez""}, {""employee_code"": NaN, ""name"": ""Wendy Roberts""}, {""employee_code"": ""Consultant"", ""name"": ""Xavier Turner""}, {""employee_code"": NaN, ""name"": ""Leah Powell""}, {""employee_code"": NaN, ""name"": ""Naomi Patterson""}, {""employee_code"": NaN, ""name"": ""Paige Flores""}, {""employee_code"": NaN, ""name"": ""Ging John""}]",Chennai,2024-03-13,03_126,Wednesday,19,True,2024-03-08,Mar W2,1.0,Mar,2
2024-05-22,Penelope Alexander,2070,Business Analyst,edgeCore,Penelope.Alexander@xyz.com,1,400,479,"[{""employee_code"": NaN, ""name"": ""Autumn Hughes""}, {""employee_code"": ""D777"", ""name"": ""Jonah Baker""}, {""employee_code"": NaN, ""name"": ""Jack Bran""}, {""employee_code"": NaN, ""name"": ""Hanna Jo""}, {""employee_code"": NaN, ""name"": ""Kib Jim""}, {""employee_code"": NaN, ""name"": ""Alice Johnson""}, {""employee_code"": NaN, ""name"": ""Olivia Wright""}, {""employee_code"": NaN, ""name"": ""Peter Scott""}, {""employee_code"": NaN, ""name"": ""Quinn Adams""}, {""employee_code"": NaN, ""name"": ""Rachel Nelson""}, {""employee_code"": NaN, ""name"": ""Samuel Baker""}, {""employee_code"": NaN, ""name"": ""Taylor Carter""}, {""employee_code"": NaN, ""name"": ""Victor Perez""}, {""employee_code"": NaN, ""name"": ""Wendy Roberts""}, {""employee_code"": ""Consultant"", ""name"": ""Xavier Turner""}, {""employee_code"": NaN, ""name"": ""Leah Powell""}, {""employee_code"": NaN, ""name"": ""Naomi Patterson""}, {""employee_code"": NaN, ""name"": ""Paige Flores""}, {""employee_code"": NaN, ""name"": ""Ging John""}]",Chennai,2024-05-12,05_126,Sunday,19,True,2024-05-10,May W2,10.0,May,2
2024-04-26,Felicity Taylor,2078,Associate ,GPC,Felicity.Taylor@xyz.com,1,400,429,"[{""employee_code"": ""2078"", ""name"": ""Felicity Taylor""}]",Chennai,2024-04-12,04_163,Friday,1,False,2024-04-12,Apr W2,14.0,Apr,2
2024-02-14,Felicity Taylor,2078,Associate ,GPC,Felicity.Taylor@xyz.com,1,400,407,"[{""employee_code"": ""2078"", ""name"": ""Felicity Taylor""}]",Chennai,2024-02-03,02_163,Saturday,1,False,2024-02-02,Feb W1,11.0,Feb,1
2024-01-16,Felicity Taylor,2078,Associate ,GPC,Felicity.Taylor@xyz.com,1,400,380,"[{""employee_code"": ""2078"", ""name"": ""Felicity Taylor""}]",Chennai,2024-01-03,01_163,Wednesday,1,False,2024-01-05,Jan W1,13.0,Jan,1
2024-08-18,Alexander Cole,2080,Associate,,Alexander.Cole@xyz.com,1,400,425,"[{""employee_code"": ""2080"", ""name"": ""Alexander Cole""}]",Chennai,2024-08-17,08_170,Saturday,1,False,2024-08-16,Aug W3,1.0,Aug,3
2024-07-23,Alexander Cole,2080,Associate,,Alexander.Cole@xyz.com,1,400,422,"[{""employee_code"": ""2080"", ""name"": ""Alexander Cole""}]",Chennai,2024-07-17,07_170,Wednesday,1,False,2024-07-12,Jul W2,6.0,Jul,2
2024-03-25,Alexander Cole,2080,Associate,,Alexander.Cole@xyz.com,1,400,450,"[{""employee_code"": ""2080"", ""name"": ""Alexander Cole""}]",Chennai,2024-03-18,03_170,Monday,1,False,2024-03-15,Mar W3,7.0,Mar,3
2024-05-18,Alexander Cole,2080,Associate,,Alexander.Cole@xyz.com,1,400,421,"[{""employee_code"": ""2080"", ""name"": ""Alexander Cole""}]",Chennai,2024-05-11,05_170,Saturday,1,False,2024-05-10,May W2,7.0,May,2
