Claim Date,Employee Name,Employee ID,Designation,Project Name,Email address,Total Persons,Allowable Amount,Total Bill Amount,List of Persons (as JSON),Bill
21-11-2024 00:00,Savannah Taylor,1870,Engagement Lead,edgeCore.ai,Savannah.Taylor@xyz.com,3,1200,2153,"[{""employee_code"": ""1870"", ""name"": ""Savannah Taylor""}, {""employee_code"": ""2019"", ""name"": ""Emery Reed""}, {""employee_code"": ""2010"", ""name"": ""Aubrey Thomas""}]","[{""Bill_Date"": ""2024-11-01 00:00:00"", ""Bill_No"": 39046, ""Total_Price"": 2153}]"
21-11-2024 00:00,Savannah Taylor,1870,Engagement Lead,edgeCore.ai,Savannah.Taylor@xyz.com,3,1200,2153,"[{""employee_code"": ""1870"", ""name"": ""Savannah Taylor""}, {""employee_code"": ""2019"", ""name"": ""Emery Reed""}, {""employee_code"": ""2010"", ""name"": ""Aubrey Thomas""}]","[{""Bill_Date"": ""2024-11-01 00:00:00"", ""Bill_No"": 39046, ""Total_Price"": 2153}]"
30-11-2024 00:00,Savannah Taylor,1870,Engagement Lead,edgeCore.ai / Bose,Savannah.Taylor@xyz.com,8,3200,6033,"[{""employee_code"": ""1870"", ""name"": ""Savannah Taylor""}, {""employee_code"": ""2019"", ""name"": ""Emery Reed""}, {""employee_code"": ""2086"", ""name"": ""Darren Shaw""}, {""employee_code"": ""2042"", ""name"": ""Chloe Ross""}, {""employee_code"": ""2010"", ""name"": ""Aubrey Thomas""}, {""employee_code"": ""1920"", ""name"": ""Hunter Garc""}, {""employee_code"": ""2064"", ""name"": ""Emmett Hall""}, {""employee_code"": ""2008"", ""name"": ""Mabel Gibson""}]","[{""Bill_Date"": ""2024-11-22 00:00:00"", ""Bill_No"": 27333, ""Total_Price"": 6033}]"
30-11-2024 00:00,Savannah Taylor,1870,Engagement Lead,edgeCore.ai / Bose,Savannah.Taylor@xyz.com,8,3200,6033,"[{""employee_code"": ""1870"", ""name"": ""Savannah Taylor""}, {""employee_code"": ""2019"", ""name"": ""Emery Reed""}, {""employee_code"": ""2086"", ""name"": ""Darren Shaw""}, {""employee_code"": ""2042"", ""name"": ""Chloe Ross""}, {""employee_code"": ""2010"", ""name"": ""Aubrey Thomas""}, {""employee_code"": ""1920"", ""name"": ""Hunter Garc""}, {""employee_code"": ""2064"", ""name"": ""Emmett Hall""}, {""employee_code"": ""2008"", ""name"": ""Mabel Gibson""}]","[{""Bill_Date"": ""2024-11-22 00:00:00"", ""Bill_No"": 27333, ""Total_Price"": 6033}]"
20-11-2024,Nia Thomas,2068,Data Engineer,-,Nia.Thomas@xyz.com,5,2000,2160,"[{""employee_code"": ""2068"", ""name"": ""Nia Thomas""}, {""employee_code"": ""2053"", ""name"": ""Vivian Mitchell""}, {""employee_code"": ""2084"", ""name"": ""Aidan Bennett""}, {""employee_code"": ""2083"", ""name"": ""Skylar James""}, {""employee_code"": NaN, ""name"": NaN}]","[{""Bill_Date"": ""15-11-2024"", ""Bill_No"": 746142, ""Total_Price"": 2160}]"
20-11-2024,Nia Thomas,2068,Data Engineer,-,Nia.Thomas@xyz.com,5,2000,2160,"[{""employee_code"": ""2068"", ""name"": ""Nia Thomas""}, {""employee_code"": ""2053"", ""name"": ""Vivian Mitchell""}, {""employee_code"": ""2084"", ""name"": ""Aidan Bennett""}, {""employee_code"": ""2083"", ""name"": ""Skylar James""}, {""employee_code"": NaN, ""name"": NaN}]","[{""Bill_Date"": ""15-11-2024"", ""Bill_No"": 746142, ""Total_Price"": 2160}]"
18-11-2024 00:00,Abel Lopez,1959,People Partner,HR,Abel.Lopez@xyz.com,2,800,379,"[{""employee_code"": ""1959"", ""name"": ""Abel Lopez""}, {""employee_code"": ""2000"", ""name"": ""Hunter Moore""}]","[{""Bill_Date"": ""2024-10-25 00:00:00"", ""Bill_No"": null, ""Total_Price"": 379}]"
18-11-2024 00:00,Abel Lopez,1959,People Partner,HR,Abel.Lopez@xyz.com,2,800,379,"[{""employee_code"": ""1959"", ""name"": ""Abel Lopez""}, {""employee_code"": ""2000"", ""name"": ""Hunter Moore""}]","[{""Bill_Date"": ""2024-10-25 00:00:00"", ""Bill_No"": null, ""Total_Price"": 379}]"
30-11-2024,Tobin Green,1935,Data Scientist,TripAdvisor,Tobin.Green@xyz.com,7,2800,8085,"[{""employee_code"": ""1935"", ""name"": ""Tobin Green""}, {""employee_code"": ""2019"", ""name"": ""Emery Reed""}, {""employee_code"": ""1870"", ""name"": ""Savannah Taylor""}, {""employee_code"": ""2053"", ""name"": ""Vivian Mitchell""}, {""employee_code"": ""2023"", ""name"": ""Aiden Harrington""}, {""employee_code"": ""2086"", ""name"": ""Darren Shaw""}, {""employee_code"": ""2050"", ""name"": ""Stella Ross""}]","[{""Bill_Date"": ""29/11/2024"", ""Bill_No"": ""SMT23037940"", ""Total_Price"": 8085}]"
30-11-2024,Tobin Green,1935,Data Scientist,TripAdvisor,Tobin.Green@xyz.com,7,2800,8085,"[{""employee_code"": ""1935"", ""name"": ""Tobin Green""}, {""employee_code"": ""2019"", ""name"": ""Emery Reed""}, {""employee_code"": ""1870"", ""name"": ""Savannah Taylor""}, {""employee_code"": ""2053"", ""name"": ""Vivian Mitchell""}, {""employee_code"": ""2023"", ""name"": ""Aiden Harrington""}, {""employee_code"": ""2086"", ""name"": ""Darren Shaw""}, {""employee_code"": ""2050"", ""name"": ""Stella Ross""}]","[{""Bill_Date"": ""29/11/2024"", ""Bill_No"": ""SMT23037940"", ""Total_Price"": 8085}]"
15 Nvember 2024,Henry Elliott,2014,Talent Partner,Human resources,Henry.Elliott@xyz.com,3,1200,Rs 1221,"[{""employee_code"": ""2014"", ""name"": ""Henry Elliott""}, {""employee_code"": ""1996"", ""name"": ""Mila Palmer""}, {""employee_code"": ""2034"", ""name"": ""Chloe Russell""}]","[{""Bill_Date"": ""15/11/2024"", ""Bill_No"": null, ""Total_Price"": ""Rs 1221""}]"
15 Nvember 2024,Henry Elliott,2014,Talent Partner,Human resources,Henry.Elliott@xyz.com,3,1200,Rs 1221,"[{""employee_code"": ""2014"", ""name"": ""Henry Elliott""}, {""employee_code"": ""1996"", ""name"": ""Mila Palmer""}, {""employee_code"": ""2034"", ""name"": ""Chloe Russell""}]","[{""Bill_Date"": ""15/11/2024"", ""Bill_No"": null, ""Total_Price"": ""Rs 1221""}]"
15 Nvember 2024,Henry Elliott,2014,Talent Partner,Human resources,Henry.Elliott@xyz.com,3,1200,Rs 1221,"[{""employee_code"": ""2014"", ""name"": ""Henry Elliott""}, {""employee_code"": ""1996"", ""name"": ""Mila Palmer""}, {""employee_code"": ""2034"", ""name"": ""Chloe Russell""}]","[{""Bill_Date"": ""15/11/2024"", ""Bill_No"": null, ""Total_Price"": ""Rs 1221""}]"
15 Nvember 2024,Henry Elliott,2014,Talent Partner,Human resources,Henry.Elliott@xyz.com,3,1200,Rs 1221,"[{""employee_code"": ""2014"", ""name"": ""Henry Elliott""}, {""employee_code"": ""1996"", ""name"": ""Mila Palmer""}, {""employee_code"": ""2034"", ""name"": ""Chloe Russell""}]","[{""Bill_Date"": ""15/11/2024"", ""Bill_No"": null, ""Total_Price"": ""Rs 1221""}]"
08-11-2024 00:00,Henry Elliott,2014,Talent Partner,Human resources,Henry.Elliott@xyz.com,1,400,400,"[{""employee_code"": ""2014"", ""name"": ""Henry Elliott""}]","[{""Bill_Date"": ""2024-08-11 00:00:00"", ""Bill_No"": 6333402880, ""Total_Price"": 400}]"
08-11-2024 00:00,Henry Elliott,2014,Talent Partner,Human resources,Henry.Elliott@xyz.com,1,400,400,"[{""employee_code"": ""2014"", ""name"": ""Henry Elliott""}]","[{""Bill_Date"": ""2024-08-11 00:00:00"", ""Bill_No"": 6333402880, ""Total_Price"": 400}]"
22-11-2024 00:00,Mack Lopez,2037,ASSOCIATE,GREENMATH,Mack.Lopez@xyz.com,4,1600,1580,"[{""employee_code"": ""2037"", ""name"": ""Mack Lopez""}, {""employee_code"": ""2048"", ""name"": ""Leo Evans""}, {""employee_code"": ""2047"", ""name"": ""Mackenzie Mitchell""}, {""employee_code"": ""2043"", ""name"": ""Josie Barnes""}]","[{""Bill_Date"": ""2024-11-15 00:00:00"", ""Bill_No"": ""24_PTRS57929"", ""Total_Price"": 1580}]"
22-11-2024 00:00,Mack Lopez,2037,ASSOCIATE,GREENMATH,Mack.Lopez@xyz.com,4,1600,1580,"[{""employee_code"": ""2037"", ""name"": ""Mack Lopez""}, {""employee_code"": ""2048"", ""name"": ""Leo Evans""}, {""employee_code"": ""2047"", ""name"": ""Mackenzie Mitchell""}, {""employee_code"": ""2043"", ""name"": ""Josie Barnes""}]","[{""Bill_Date"": ""2024-11-15 00:00:00"", ""Bill_No"": ""24_PTRS57929"", ""Total_Price"": 1580}]"
15-11-2024 00:00,Autumn Walker,2018,Data Scientist,5B,Autumn.Walker@xyz.com,1,400,446.8,"[{""employee_code"": ""2018"", ""name"": ""Autumn Walker""}]","[{""Bill_Date"": ""2024-11-15 00:00:00"", ""Bill_No"": 6357963399, ""Total_Price"": 446.8}]"
29-11-2024 00:00,Autumn Walker,2018,Data Scientist,5B,Autumn.Walker@xyz.com,1,400,411,"[{""employee_code"": ""2018"", ""name"": ""Autumn Walker""}]","[{""Bill_Date"": ""2024-11-29 00:00:00"", ""Bill_No"": ""191834108879353"", ""Total_Price"": 411}]"
29-11-2024 00:00,Autumn Walker,2018,Data Scientist,5B,Autumn.Walker@xyz.com,1,400,411,"[{""employee_code"": ""2018"", ""name"": ""Autumn Walker""}]","[{""Bill_Date"": ""2024-11-29 00:00:00"", ""Bill_No"": ""191834108879353"", ""Total_Price"": 411}]"
22-11-2024 00:00,Mack Lopez,2037,ASSOCIATE,GREENMATH,Mack.Lopez@xyz.com,2,800,746,"[{""employee_code"": ""2037"", ""name"": ""Mack Lopez""}, {""employee_code"": ""2034"", ""name"": ""Chloe Russell""}]","[{""Bill_Date"": ""2024-11-15 00:00:00"", ""Bill_No"": ""24_PTRS59670"", ""Total_Price"": 746}]"
11-08-2024 00:00,Graham Roberts,2024,Software Engineer,edgeCore,Graham.Roberts@xyz.com,6,2400,1538,"[{""employee_code"": ""2024"", ""name"": ""Graham Roberts""}, {""employee_code"": ""1953"", ""name"": ""Finn Bennett""}, {""employee_code"": ""1941"", ""name"": ""Miles Elliott""}, {""employee_code"": ""2060"", ""name"": ""Liam Reed""}, {""employee_code"": ""2072"", ""name"": ""Mia Duncan""}, {""employee_code"": ""2073"", ""name"": ""June Wright""}]","[{""Bill_Date"": ""2024-08-11 00:00:00"", ""Bill_No"": ""GSTIN: 29AAHCE1883H1ZC"", ""Total_Price"": 1538}]"
11-08-2024 00:00,Graham Roberts,2024,Software Engineer,edgeCore,Graham.Roberts@xyz.com,6,2400,1538,"[{""employee_code"": ""2024"", ""name"": ""Graham Roberts""}, {""employee_code"": ""1953"", ""name"": ""Finn Bennett""}, {""employee_code"": ""1941"", ""name"": ""Miles Elliott""}, {""employee_code"": ""2060"", ""name"": ""Liam Reed""}, {""employee_code"": ""2072"", ""name"": ""Mia Duncan""}, {""employee_code"": ""2073"", ""name"": ""June Wright""}]","[{""Bill_Date"": ""2024-08-11 00:00:00"", ""Bill_No"": ""GSTIN: 29AAHCE1883H1ZC"", ""Total_Price"": 1538}]"
01-11-2024 00:00,Chloe Russell,2034,Associate,Tripadvisor,Chloe.Russell@xyz.com,1,400,411.8,"[{""employee_code"": ""2034"", ""name"": ""Chloe Russell""}]","[{""Bill_Date"": ""2024-11-01 00:00:00"", ""Bill_No"": 6305554429, ""Total_Price"": 411.8}]"
15-11-2024 00:00,Aiden Harrington,2023,Data Scientist,Verite,Aiden.Harrington@xyz.com,1,400,440,"[{""employee_code"": ""2023"", ""name"": ""Aiden Harrington""}]","[{""Bill_Date"": ""2024-11-15 00:00:00"", ""Bill_No"": 90, ""Total_Price"": 440}]"
15-11-2024 00:00,Aiden Harrington,2023,Data Scientist,Verite,Aiden.Harrington@xyz.com,1,400,440,"[{""employee_code"": ""2023"", ""name"": ""Aiden Harrington""}]","[{""Bill_Date"": ""2024-11-15 00:00:00"", ""Bill_No"": 90, ""Total_Price"": 440}]"
03-12-2024 00:00,Kaitlyn Long,2065,Associate,HG Insights,Kaitlyn.Long@xyz.com,1,400,352.42,"[{""employee_code"": ""2065"", ""name"": ""Kaitlyn Long""}]","[{""Bill_Date"": ""2024-11-29 00:00:00"", ""Bill_No"": 6395620722, ""Total_Price"": 352.42}]"
03-12-2024 00:00,Kaitlyn Long,2065,Associate,HG Insights,Kaitlyn.Long@xyz.com,1,400,352.42,"[{""employee_code"": ""2065"", ""name"": ""Kaitlyn Long""}]","[{""Bill_Date"": ""2024-11-29 00:00:00"", ""Bill_No"": 6395620722, ""Total_Price"": 352.42}]"
03-12-2024 00:00,Kaitlyn Long,2065,Associate,HG Insights,Kaitlyn.Long@xyz.com,1,400,352.42,"[{""employee_code"": ""2065"", ""name"": ""Kaitlyn Long""}]","[{""Bill_Date"": ""2024-11-29 00:00:00"", ""Bill_No"": 6395620722, ""Total_Price"": 352.42}]"
03-12-2024 00:00,Kaitlyn Long,2065,Associate,HG Insights,Kaitlyn.Long@xyz.com,1,400,352.42,"[{""employee_code"": ""2065"", ""name"": ""Kaitlyn Long""}]","[{""Bill_Date"": ""2024-11-29 00:00:00"", ""Bill_No"": 6395620722, ""Total_Price"": 352.42}]"
17-11-2024 00:00,Theodore Hernandez,1998,Software Engineer,greenmath,Theodore.Hernandez@xyz.com,7,2800,2264.18,"[{""employee_code"": ""1998"", ""name"": ""Theodore Hernandez""}, {""employee_code"": NaN, ""name"": ""Autumn Hughes""}, {""employee_code"": ""D777"", ""name"": ""Jonah Baker""}, {""employee_code"": NaN, ""name"": ""Jack Bran""}, {""employee_code"": NaN, ""name"": ""Hanna Jo""}, {""employee_code"": NaN, ""name"": ""Kib Jim""}, {""employee_code"": NaN, ""name"": ""Alice Johnson""}, {""employee_code"": NaN, ""name"": ""Olivia Wright""}, {""employee_code"": NaN, ""name"": ""Peter Scott""}, {""employee_code"": NaN, ""name"": ""Quinn Adams""}, {""employee_code"": NaN, ""name"": ""Rachel Nelson""}, {""employee_code"": NaN, ""name"": ""Samuel Baker""}, {""employee_code"": NaN, ""name"": ""Taylor Carter""}, {""employee_code"": NaN, ""name"": ""Victor Perez""}, {""employee_code"": NaN, ""name"": ""Wendy Roberts""}, {""employee_code"": ""Consultant"", ""name"": ""Xavier Turner""}, {""employee_code"": NaN, ""name"": ""Leah Powell""}, {""employee_code"": NaN, ""name"": ""Naomi Patterson""}, {""employee_code"": NaN, ""name"": ""Paige Flores""}, {""employee_code"": NaN, ""name"": ""Ging John""}, {""employee_code"": NaN, ""name"": ""Autumn Hughes""}, {""employee_code"": ""D777"", ""name"": ""Jonah Baker""}, {""employee_code"": NaN, ""name"": ""Jack Bran""}, {""employee_code"": NaN, ""name"": ""Hanna Jo""}, {""employee_code"": NaN, ""name"": ""Kib Jim""}, {""employee_code"": NaN, ""name"": ""Alice Johnson""}, {""employee_code"": NaN, ""name"": ""Olivia Wright""}, {""employee_code"": NaN, ""name"": ""Peter Scott""}, {""employee_code"": NaN, ""name"": ""Quinn Adams""}, {""employee_code"": NaN, ""name"": ""Rachel Nelson""}, {""employee_code"": NaN, ""name"": ""Samuel Baker""}, {""employee_code"": NaN, ""name"": ""Taylor Carter""}, {""employee_code"": NaN, ""name"": ""Victor Perez""}, {""employee_code"": NaN, ""name"": ""Wendy Roberts""}, {""employee_code"": ""Consultant"", ""name"": ""Xavier Turner""}, {""employee_code"": NaN, ""name"": ""Leah Powell""}, {""employee_code"": NaN, ""name"": ""Naomi Patterson""}, {""employee_code"": NaN, ""name"": ""Paige Flores""}, {""employee_code"": NaN, ""name"": ""Ging John""}, {""employee_code"": NaN, ""name"": ""Autumn Hughes""}, {""employee_code"": ""D777"", ""name"": ""Jonah Baker""}, {""employee_code"": NaN, ""name"": ""Jack Bran""}, {""employee_code"": NaN, ""name"": ""Hanna Jo""}, {""employee_code"": NaN, ""name"": ""Kib Jim""}, {""employee_code"": NaN, ""name"": ""Alice Johnson""}, {""employee_code"": NaN, ""name"": ""Olivia Wright""}, {""employee_code"": NaN, ""name"": ""Peter Scott""}, {""employee_code"": NaN, ""name"": ""Quinn Adams""}, {""employee_code"": NaN, ""name"": ""Rachel Nelson""}, {""employee_code"": NaN, ""name"": ""Samuel Baker""}, {""employee_code"": NaN, ""name"": ""Taylor Carter""}, {""employee_code"": NaN, ""name"": ""Victor Perez""}, {""employee_code"": NaN, ""name"": ""Wendy Roberts""}, {""employee_code"": ""Consultant"", ""name"": ""Xavier Turner""}, {""employee_code"": NaN, ""name"": ""Leah Powell""}, {""employee_code"": NaN, ""name"": ""Naomi Patterson""}, {""employee_code"": NaN, ""name"": ""Paige Flores""}, {""employee_code"": NaN, ""name"": ""Ging John""}, {""employee_code"": NaN, ""name"": ""Autumn Hughes""}, {""employee_code"": ""D777"", ""name"": ""Jonah Baker""}, {""employee_code"": NaN, ""name"": ""Jack Bran""}, {""employee_code"": NaN, ""name"": ""Hanna Jo""}, {""employee_code"": NaN, ""name"": ""Kib Jim""}, {""employee_code"": NaN, ""name"": ""Alice Johnson""}, {""employee_code"": NaN, ""name"": ""Olivia Wright""}, {""employee_code"": NaN, ""name"": ""Peter Scott""}, {""employee_code"": NaN, ""name"": ""Quinn Adams""}, {""employee_code"": NaN, ""name"": ""Rachel Nelson""}, {""employee_code"": NaN, ""name"": ""Samuel Baker""}, {""employee_code"": NaN, ""name"": ""Taylor Carter""}, {""employee_code"": NaN, ""name"": ""Victor Perez""}, {""employee_code"": NaN, ""name"": ""Wendy Roberts""}, {""employee_code"": ""Consultant"", ""name"": ""Xavier Turner""}, {""employee_code"": NaN, ""name"": ""Leah Powell""}, {""employee_code"": NaN, ""name"": ""Naomi Patterson""}, {""employee_code"": NaN, ""name"": ""Paige Flores""}, {""employee_code"": NaN, ""name"": ""Ging John""}, {""employee_code"": NaN, ""name"": ""Autumn Hughes""}, {""employee_code"": ""D777"", ""name"": ""Jonah Baker""}, {""employee_code"": NaN, ""name"": ""Jack Bran""}, {""employee_code"": NaN, ""name"": ""Hanna Jo""}, {""employee_code"": NaN, ""name"": ""Kib Jim""}, {""employee_code"": NaN, ""name"": ""Alice Johnson""}, {""employee_code"": NaN, ""name"": ""Olivia Wright""}, {""employee_code"": NaN, ""name"": ""Peter Scott""}, {""employee_code"": NaN, ""name"": ""Quinn Adams""}, {""employee_code"": NaN, ""name"": ""Rachel Nelson""}, {""employee_code"": NaN, ""name"": ""Samuel Baker""}, {""employee_code"": NaN, ""name"": ""Taylor Carter""}, {""employee_code"": NaN, ""name"": ""Victor Perez""}, {""employee_code"": NaN, ""name"": ""Wendy Roberts""}, {""employee_code"": ""Consultant"", ""name"": ""Xavier Turner""}, {""employee_code"": NaN, ""name"": ""Leah Powell""}, {""employee_code"": NaN, ""name"": ""Naomi Patterson""}, {""employee_code"": NaN, ""name"": ""Paige Flores""}, {""employee_code"": NaN, ""name"": ""Ging John""}, {""employee_code"": NaN, ""name"": ""Autumn Hughes""}, {""employee_code"": ""D777"", ""name"": ""Jonah Baker""}, {""employee_code"": NaN, ""name"": ""Jack Bran""}, {""employee_code"": NaN, ""name"": ""Hanna Jo""}, {""employee_code"": NaN, ""name"": ""Kib Jim""}, {""employee_code"": NaN, ""name"": ""Alice Johnson""}, {""employee_code"": NaN, ""name"": ""Olivia Wright""}, {""employee_code"": NaN, ""name"": ""Peter Scott""}, {""employee_code"": NaN, ""name"": ""Quinn Adams""}, {""employee_code"": NaN, ""name"": ""Rachel Nelson""}, {""employee_code"": NaN, ""name"": ""Samuel Baker""}, {""employee_code"": NaN, ""name"": ""Taylor Carter""}, {""employee_code"": NaN, ""name"": ""Victor Perez""}, {""employee_code"": NaN, ""name"": ""Wendy Roberts""}, {""employee_code"": ""Consultant"", ""name"": ""Xavier Turner""}, {""employee_code"": NaN, ""name"": ""Leah Powell""}, {""employee_code"": NaN, ""name"": ""Naomi Patterson""}, {""employee_code"": NaN, ""name"": ""Paige Flores""}, {""employee_code"": NaN, ""name"": ""Ging John""}]","[{""Bill_Date"": ""2024-10-25 00:00:00"", ""Bill_No"": 6297176585, ""Total_Price"": 2264.18}]"
17-11-2024 00:00,Theodore Hernandez,1998,Software Engineer,greenmath,Theodore.Hernandez@xyz.com,7,2800,2264.18,"[{""employee_code"": ""1998"", ""name"": ""Theodore Hernandez""}, {""employee_code"": NaN, ""name"": ""Autumn Hughes""}, {""employee_code"": ""D777"", ""name"": ""Jonah Baker""}, {""employee_code"": NaN, ""name"": ""Jack Bran""}, {""employee_code"": NaN, ""name"": ""Hanna Jo""}, {""employee_code"": NaN, ""name"": ""Kib Jim""}, {""employee_code"": NaN, ""name"": ""Alice Johnson""}, {""employee_code"": NaN, ""name"": ""Olivia Wright""}, {""employee_code"": NaN, ""name"": ""Peter Scott""}, {""employee_code"": NaN, ""name"": ""Quinn Adams""}, {""employee_code"": NaN, ""name"": ""Rachel Nelson""}, {""employee_code"": NaN, ""name"": ""Samuel Baker""}, {""employee_code"": NaN, ""name"": ""Taylor Carter""}, {""employee_code"": NaN, ""name"": ""Victor Perez""}, {""employee_code"": NaN, ""name"": ""Wendy Roberts""}, {""employee_code"": ""Consultant"", ""name"": ""Xavier Turner""}, {""employee_code"": NaN, ""name"": ""Leah Powell""}, {""employee_code"": NaN, ""name"": ""Naomi Patterson""}, {""employee_code"": NaN, ""name"": ""Paige Flores""}, {""employee_code"": NaN, ""name"": ""Ging John""}, {""employee_code"": NaN, ""name"": ""Autumn Hughes""}, {""employee_code"": ""D777"", ""name"": ""Jonah Baker""}, {""employee_code"": NaN, ""name"": ""Jack Bran""}, {""employee_code"": NaN, ""name"": ""Hanna Jo""}, {""employee_code"": NaN, ""name"": ""Kib Jim""}, {""employee_code"": NaN, ""name"": ""Alice Johnson""}, {""employee_code"": NaN, ""name"": ""Olivia Wright""}, {""employee_code"": NaN, ""name"": ""Peter Scott""}, {""employee_code"": NaN, ""name"": ""Quinn Adams""}, {""employee_code"": NaN, ""name"": ""Rachel Nelson""}, {""employee_code"": NaN, ""name"": ""Samuel Baker""}, {""employee_code"": NaN, ""name"": ""Taylor Carter""}, {""employee_code"": NaN, ""name"": ""Victor Perez""}, {""employee_code"": NaN, ""name"": ""Wendy Roberts""}, {""employee_code"": ""Consultant"", ""name"": ""Xavier Turner""}, {""employee_code"": NaN, ""name"": ""Leah Powell""}, {""employee_code"": NaN, ""name"": ""Naomi Patterson""}, {""employee_code"": NaN, ""name"": ""Paige Flores""}, {""employee_code"": NaN, ""name"": ""Ging John""}, {""employee_code"": NaN, ""name"": ""Autumn Hughes""}, {""employee_code"": ""D777"", ""name"": ""Jonah Baker""}, {""employee_code"": NaN, ""name"": ""Jack Bran""}, {""employee_code"": NaN, ""name"": ""Hanna Jo""}, {""employee_code"": NaN, ""name"": ""Kib Jim""}, {""employee_code"": NaN, ""name"": ""Alice Johnson""}, {""employee_code"": NaN, ""name"": ""Olivia Wright""}, {""employee_code"": NaN, ""name"": ""Peter Scott""}, {""employee_code"": NaN, ""name"": ""Quinn Adams""}, {""employee_code"": NaN, ""name"": ""Rachel Nelson""}, {""employee_code"": NaN, ""name"": ""Samuel Baker""}, {""employee_code"": NaN, ""name"": ""Taylor Carter""}, {""employee_code"": NaN, ""name"": ""Victor Perez""}, {""employee_code"": NaN, ""name"": ""Wendy Roberts""}, {""employee_code"": ""Consultant"", ""name"": ""Xavier Turner""}, {""employee_code"": NaN, ""name"": ""Leah Powell""}, {""employee_code"": NaN, ""name"": ""Naomi Patterson""}, {""employee_code"": NaN, ""name"": ""Paige Flores""}, {""employee_code"": NaN, ""name"": ""Ging John""}, {""employee_code"": NaN, ""name"": ""Autumn Hughes""}, {""employee_code"": ""D777"", ""name"": ""Jonah Baker""}, {""employee_code"": NaN, ""name"": ""Jack Bran""}, {""employee_code"": NaN, ""name"": ""Hanna Jo""}, {""employee_code"": NaN, ""name"": ""Kib Jim""}, {""employee_code"": NaN, ""name"": ""Alice Johnson""}, {""employee_code"": NaN, ""name"": ""Olivia Wright""}, {""employee_code"": NaN, ""name"": ""Peter Scott""}, {""employee_code"": NaN, ""name"": ""Quinn Adams""}, {""employee_code"": NaN, ""name"": ""Rachel Nelson""}, {""employee_code"": NaN, ""name"": ""Samuel Baker""}, {""employee_code"": NaN, ""name"": ""Taylor Carter""}, {""employee_code"": NaN, ""name"": ""Victor Perez""}, {""employee_code"": NaN, ""name"": ""Wendy Roberts""}, {""employee_code"": ""Consultant"", ""name"": ""Xavier Turner""}, {""employee_code"": NaN, ""name"": ""Leah Powell""}, {""employee_code"": NaN, ""name"": ""Naomi Patterson""}, {""employee_code"": NaN, ""name"": ""Paige Flores""}, {""employee_code"": NaN, ""name"": ""Ging John""}, {""employee_code"": NaN, ""name"": ""Autumn Hughes""}, {""employee_code"": ""D777"", ""name"": ""Jonah Baker""}, {""employee_code"": NaN, ""name"": ""Jack Bran""}, {""employee_code"": NaN, ""name"": ""Hanna Jo""}, {""employee_code"": NaN, ""name"": ""Kib Jim""}, {""employee_code"": NaN, ""name"": ""Alice Johnson""}, {""employee_code"": NaN, ""name"": ""Olivia Wright""}, {""employee_code"": NaN, ""name"": ""Peter Scott""}, {""employee_code"": NaN, ""name"": ""Quinn Adams""}, {""employee_code"": NaN, ""name"": ""Rachel Nelson""}, {""employee_code"": NaN, ""name"": ""Samuel Baker""}, {""employee_code"": NaN, ""name"": ""Taylor Carter""}, {""employee_code"": NaN, ""name"": ""Victor Perez""}, {""employee_code"": NaN, ""name"": ""Wendy Roberts""}, {""employee_code"": ""Consultant"", ""name"": ""Xavier Turner""}, {""employee_code"": NaN, ""name"": ""Leah Powell""}, {""employee_code"": NaN, ""name"": ""Naomi Patterson""}, {""employee_code"": NaN, ""name"": ""Paige Flores""}, {""employee_code"": NaN, ""name"": ""Ging John""}, {""employee_code"": NaN, ""name"": ""Autumn Hughes""}, {""employee_code"": ""D777"", ""name"": ""Jonah Baker""}, {""employee_code"": NaN, ""name"": ""Jack Bran""}, {""employee_code"": NaN, ""name"": ""Hanna Jo""}, {""employee_code"": NaN, ""name"": ""Kib Jim""}, {""employee_code"": NaN, ""name"": ""Alice Johnson""}, {""employee_code"": NaN, ""name"": ""Olivia Wright""}, {""employee_code"": NaN, ""name"": ""Peter Scott""}, {""employee_code"": NaN, ""name"": ""Quinn Adams""}, {""employee_code"": NaN, ""name"": ""Rachel Nelson""}, {""employee_code"": NaN, ""name"": ""Samuel Baker""}, {""employee_code"": NaN, ""name"": ""Taylor Carter""}, {""employee_code"": NaN, ""name"": ""Victor Perez""}, {""employee_code"": NaN, ""name"": ""Wendy Roberts""}, {""employee_code"": ""Consultant"", ""name"": ""Xavier Turner""}, {""employee_code"": NaN, ""name"": ""Leah Powell""}, {""employee_code"": NaN, ""name"": ""Naomi Patterson""}, {""employee_code"": NaN, ""name"": ""Paige Flores""}, {""employee_code"": NaN, ""name"": ""Ging John""}]","[{""Bill_Date"": ""2024-10-25 00:00:00"", ""Bill_No"": 6297176585, ""Total_Price"": 2264.18}]"
22-11-2024,Graham Roberts,2024,Software Engineer,edgeCore,Graham.Roberts@xyz.com,15,6000,5887,"[{""employee_code"": ""2024"", ""name"": ""Graham Roberts""}, {""employee_code"": ""2056"", ""name"": ""Hope Garc?""}, {""employee_code"": ""1941"", ""name"": ""Miles Elliott""}, {""employee_code"": ""1957"", ""name"": ""Luca Allen""}, {""employee_code"": ""2072"", ""name"": ""Mia Duncan""}, {""employee_code"": ""2073"", ""name"": ""June Wright""}, {""employee_code"": ""2058"", ""name"": ""Brooke Reed""}, {""employee_code"": ""2005"", ""name"": ""Zoe Sullivan""}, {""employee_code"": ""2017"", ""name"": ""Miles Martinez""}, {""employee_code"": ""2012"", ""name"": ""Eli Harris""}, {""employee_code"": ""1962"", ""name"": ""Eden Chang""}, {""employee_code"": ""1947"", ""name"": ""Reagan Sullivan""}, {""employee_code"": ""2002"", ""name"": ""Adam James""}, {""employee_code"": ""2033"", ""name"": ""Gabriel Allen""}, {""employee_code"": ""2001"", ""name"": ""David Baker""}]","[{""Bill_Date"": ""22-11-14"", ""Bill_No"": 389129, ""Total_Price"": 5887}]"
22-11-2024,Graham Roberts,2024,Software Engineer,edgeCore,Graham.Roberts@xyz.com,15,6000,5887,"[{""employee_code"": ""2024"", ""name"": ""Graham Roberts""}, {""employee_code"": ""2056"", ""name"": ""Hope Garc?""}, {""employee_code"": ""1941"", ""name"": ""Miles Elliott""}, {""employee_code"": ""1957"", ""name"": ""Luca Allen""}, {""employee_code"": ""2072"", ""name"": ""Mia Duncan""}, {""employee_code"": ""2073"", ""name"": ""June Wright""}, {""employee_code"": ""2058"", ""name"": ""Brooke Reed""}, {""employee_code"": ""2005"", ""name"": ""Zoe Sullivan""}, {""employee_code"": ""2017"", ""name"": ""Miles Martinez""}, {""employee_code"": ""2012"", ""name"": ""Eli Harris""}, {""employee_code"": ""1962"", ""name"": ""Eden Chang""}, {""employee_code"": ""1947"", ""name"": ""Reagan Sullivan""}, {""employee_code"": ""2002"", ""name"": ""Adam James""}, {""employee_code"": ""2033"", ""name"": ""Gabriel Allen""}, {""employee_code"": ""2001"", ""name"": ""David Baker""}]","[{""Bill_Date"": ""22-11-14"", ""Bill_No"": 389129, ""Total_Price"": 5887}]"
08-11-2024 00:00,Sadie Harrison,1958,Engagement Lead,,Sadie.Harrison@xyz.com,11,4400,4219,"[{""employee_code"": NaN, ""name"": NaN}, {""employee_code"": NaN, ""name"": NaN}, {""employee_code"": NaN, ""name"": NaN}, {""employee_code"": NaN, ""name"": NaN}, {""employee_code"": NaN, ""name"": NaN}, {""employee_code"": NaN, ""name"": NaN}, {""employee_code"": NaN, ""name"": NaN}, {""employee_code"": NaN, ""name"": NaN}, {""employee_code"": NaN, ""name"": NaN}, {""employee_code"": NaN, ""name"": NaN}, {""employee_code"": NaN, ""name"": NaN}]","[{""Bill_Date"": ""2024-11-08 00:00:00"", ""Bill_No"": 6136100422, ""Total_Price"": 4219}]"
08-11-2024 00:00,Sadie Harrison,1958,Engagement Lead,,Sadie.Harrison@xyz.com,11,4400,4219,"[{""employee_code"": NaN, ""name"": NaN}, {""employee_code"": NaN, ""name"": NaN}, {""employee_code"": NaN, ""name"": NaN}, {""employee_code"": NaN, ""name"": NaN}, {""employee_code"": NaN, ""name"": NaN}, {""employee_code"": NaN, ""name"": NaN}, {""employee_code"": NaN, ""name"": NaN}, {""employee_code"": NaN, ""name"": NaN}, {""employee_code"": NaN, ""name"": NaN}, {""employee_code"": NaN, ""name"": NaN}, {""employee_code"": NaN, ""name"": NaN}]","[{""Bill_Date"": ""2024-11-08 00:00:00"", ""Bill_No"": 6136100422, ""Total_Price"": 4219}]"
28062024,Zoe Sullivan,2005,Data Architect,5B,Zoe.Sullivan@xyz.com,4,1600,1676,"[{""employee_code"": ""2005"", ""name"": ""Zoe Sullivan""}, {""employee_code"": ""2061"", ""name"": ""Sebastian Mitchell""}, {""employee_code"": ""2069"", ""name"": ""Layne Duncan""}, {""employee_code"": ""2066"", ""name"": ""Nash Rivera""}]","[{""Bill_Date"": ""08112024"", ""Bill_No"": ""0010826110800045"", ""Total_Price"": 1676}]"
28062024,Zoe Sullivan,2005,Data Architect,5B,Zoe.Sullivan@xyz.com,4,1600,1676,"[{""employee_code"": ""2005"", ""name"": ""Zoe Sullivan""}, {""employee_code"": ""2061"", ""name"": ""Sebastian Mitchell""}, {""employee_code"": ""2069"", ""name"": ""Layne Duncan""}, {""employee_code"": ""2066"", ""name"": ""Nash Rivera""}]","[{""Bill_Date"": ""08112024"", ""Bill_No"": ""0010826110800045"", ""Total_Price"": 1676}]"
08-11-2024 00:00,Miles Martinez,2017,Software Engineer,Greenmath,Miles.Martinez@xyz.com,4,1600,1672,"[{""employee_code"": ""2056"", ""name"": ""Hope Garc?""}, {""employee_code"": ""1957"", ""name"": ""Luca Allen""}, {""employee_code"": ""2017"", ""name"": ""Miles Martinez""}, {""employee_code"": ""1973"", ""name"": ""Charlotte Ross""}]","[{""Bill_Date"": ""2024-11-08 00:00:00"", ""Bill_No"": 1346, ""Total_Price"": 1672}]"
08-11-2024 00:00,Miles Martinez,2017,Software Engineer,Greenmath,Miles.Martinez@xyz.com,4,1600,1672,"[{""employee_code"": ""2056"", ""name"": ""Hope Garc?""}, {""employee_code"": ""1957"", ""name"": ""Luca Allen""}, {""employee_code"": ""2017"", ""name"": ""Miles Martinez""}, {""employee_code"": ""1973"", ""name"": ""Charlotte Ross""}]","[{""Bill_Date"": ""2024-11-08 00:00:00"", ""Bill_No"": 1346, ""Total_Price"": 1672}]"
15-11-2024 00:00,Autumn Walker,2018,Data Scientist,5B,Autumn.Walker@xyz.com,1,400,446.8,"[{""employee_code"": ""2018"", ""name"": ""Autumn Walker""}]","[{""Bill_Date"": ""2024-11-15 00:00:00"", ""Bill_No"": 6357963399, ""Total_Price"": 446.8}]"
25-10-2024,Alexander Cole,,INTERN,,Alexander.Cole@xyz.com,1,400,454,,"[{""Bill_Date"": ""25/10/2024"", ""Bill_No"": ""188812484837295"", ""Total_Price"": 454}]"
25-10-2024,Alexander Cole,,INTERN,,Alexander.Cole@xyz.com,1,400,454,,"[{""Bill_Date"": ""25/10/2024"", ""Bill_No"": ""188812484837295"", ""Total_Price"": 454}]"
25-10-2024,Alexander Cole,,INTERN,,Alexander.Cole@xyz.com,1,400,454,,"[{""Bill_Date"": ""25/10/2024"", ""Bill_No"": ""188812484837295"", ""Total_Price"": 454}]"
29-11-2024,Alexander Cole,2080,Associate,,Alexander.Cole@xyz.com,1,400,425,"[{""employee_code"": ""2080"", ""name"": ""Alexander Cole""}]","[{""Bill_Date"": ""29/11/2024"", ""Bill_No"": ""191835774256480"", ""Total_Price"": 425}]"
29-11-2024,Alexander Cole,2080,Associate,,Alexander.Cole@xyz.com,1,400,425,"[{""employee_code"": ""2080"", ""name"": ""Alexander Cole""}]","[{""Bill_Date"": ""29/11/2024"", ""Bill_No"": ""191835774256480"", ""Total_Price"": 425}]"
11-08-2024 00:00,Penelope Alexander,2070,Business Analyst,edgeCore,Penelope.Alexander@xyz.com,1,400,365.63,"[{""employee_code"": NaN, ""name"": ""Autumn Hughes""}, {""employee_code"": ""D777"", ""name"": ""Jonah Baker""}, {""employee_code"": NaN, ""name"": ""Jack Bran""}, {""employee_code"": NaN, ""name"": ""Hanna Jo""}, {""employee_code"": NaN, ""name"": ""Kib Jim""}, {""employee_code"": NaN, ""name"": ""Alice Johnson""}, {""employee_code"": NaN, ""name"": ""Olivia Wright""}, {""employee_code"": NaN, ""name"": ""Peter Scott""}, {""employee_code"": NaN, ""name"": ""Quinn Adams""}, {""employee_code"": NaN, ""name"": ""Rachel Nelson""}, {""employee_code"": NaN, ""name"": ""Samuel Baker""}, {""employee_code"": NaN, ""name"": ""Taylor Carter""}, {""employee_code"": NaN, ""name"": ""Victor Perez""}, {""employee_code"": NaN, ""name"": ""Wendy Roberts""}, {""employee_code"": ""Consultant"", ""name"": ""Xavier Turner""}, {""employee_code"": NaN, ""name"": ""Leah Powell""}, {""employee_code"": NaN, ""name"": ""Naomi Patterson""}, {""employee_code"": NaN, ""name"": ""Paige Flores""}, {""employee_code"": NaN, ""name"": ""Ging John""}]","[{""Bill_Date"": ""2024-08-11 00:00:00"", ""Bill_No"": ""24WRV3K800006541"", ""Total_Price"": 365.63}]"
11-08-2024 00:00,Penelope Alexander,2070,Business Analyst,edgeCore,Penelope.Alexander@xyz.com,1,400,365.63,"[{""employee_code"": NaN, ""name"": ""Autumn Hughes""}, {""employee_code"": ""D777"", ""name"": ""Jonah Baker""}, {""employee_code"": NaN, ""name"": ""Jack Bran""}, {""employee_code"": NaN, ""name"": ""Hanna Jo""}, {""employee_code"": NaN, ""name"": ""Kib Jim""}, {""employee_code"": NaN, ""name"": ""Alice Johnson""}, {""employee_code"": NaN, ""name"": ""Olivia Wright""}, {""employee_code"": NaN, ""name"": ""Peter Scott""}, {""employee_code"": NaN, ""name"": ""Quinn Adams""}, {""employee_code"": NaN, ""name"": ""Rachel Nelson""}, {""employee_code"": NaN, ""name"": ""Samuel Baker""}, {""employee_code"": NaN, ""name"": ""Taylor Carter""}, {""employee_code"": NaN, ""name"": ""Victor Perez""}, {""employee_code"": NaN, ""name"": ""Wendy Roberts""}, {""employee_code"": ""Consultant"", ""name"": ""Xavier Turner""}, {""employee_code"": NaN, ""name"": ""Leah Powell""}, {""employee_code"": NaN, ""name"": ""Naomi Patterson""}, {""employee_code"": NaN, ""name"": ""Paige Flores""}, {""employee_code"": NaN, ""name"": ""Ging John""}]","[{""Bill_Date"": ""2024-08-11 00:00:00"", ""Bill_No"": ""24WRV3K800006541"", ""Total_Price"": 365.63}]"
08-11-2024 00:00,Mabel Gibson,2008,Software Engineer,greenMath,Mabel.Gibson@xyz.com,8,3200,3040,"[{""employee_code"": ""2008"", ""name"": ""Mabel Gibson""}, {""employee_code"": ""2064"", ""name"": ""Emmett Hall""}, {""employee_code"": ""2052"", ""name"": ""Cameron Gibson""}, {""employee_code"": ""2043"", ""name"": ""Josie Barnes""}, {""employee_code"": ""2050"", ""name"": ""Stella Ross""}, {""employee_code"": ""1932"", ""name"": ""Nia Ross""}, {""employee_code"": ""2047"", ""name"": ""Mackenzie Mitchell""}, {""employee_code"": ""2044"", ""name"": ""Jacob Williamson""}]","[{""Bill_Date"": ""2024-11-08 00:00:00"", ""Bill_No"": 80033, ""Total_Price"": 3040}]"
08-11-2024 00:00,Mabel Gibson,2008,Software Engineer,greenMath,Mabel.Gibson@xyz.com,8,3200,3040,"[{""employee_code"": ""2008"", ""name"": ""Mabel Gibson""}, {""employee_code"": ""2064"", ""name"": ""Emmett Hall""}, {""employee_code"": ""2052"", ""name"": ""Cameron Gibson""}, {""employee_code"": ""2043"", ""name"": ""Josie Barnes""}, {""employee_code"": ""2050"", ""name"": ""Stella Ross""}, {""employee_code"": ""1932"", ""name"": ""Nia Ross""}, {""employee_code"": ""2047"", ""name"": ""Mackenzie Mitchell""}, {""employee_code"": ""2044"", ""name"": ""Jacob Williamson""}]","[{""Bill_Date"": ""2024-11-08 00:00:00"", ""Bill_No"": 80033, ""Total_Price"": 3040}]"
23-11-2024,Natalie Duncan,2032,Data Scientist,o9 - WestRock,Natalie.Duncan@xyz.com,1,400,398.26,"[{""employee_code"": ""2032"", ""name"": ""Natalie Duncan""}]","[{""Bill_Date"": ""15/11/2024"", ""Bill_No"": 6357652233, ""Total_Price"": 398.26}]"
23-11-2024,Natalie Duncan,2032,Data Scientist,o9 - WestRock,Natalie.Duncan@xyz.com,1,400,398.26,"[{""employee_code"": ""2032"", ""name"": ""Natalie Duncan""}]","[{""Bill_Date"": ""15/11/2024"", ""Bill_No"": 6357652233, ""Total_Price"": 398.26}]"
08-11-2024 00:00,Mila Palmer,1996,Talent Partner,-,Mila.Palmer@xyz.com,1,400,365,"[{""employee_code"": ""1996"", ""name"": ""Mila Palmer""}]","[{""Bill_Date"": ""2024-11-08 00:00:00"", ""Bill_No"": 6339092350, ""Total_Price"": 365}]"
15-11-2024 00:00,Owen Scott,2082,Asscociate,GPC,Owen.Scott@xyz.com,1,400,395,"[{""employee_code"": ""2082"", ""name"": ""Owen Scott""}]","[{""Bill_Date"": ""2024-11-15 00:00:00"", ""Bill_No"": 471, ""Total_Price"": 395}]"
29-11-2024 00:00,Vivian Johnson,2029,Senior Data Engineer,o9 -  TMobile Resilinc,Vivian.Johnson@xyz.com,8,3200,3334,"[{""employee_code"": ""2029"", ""name"": ""Vivian Johnson""}, {""employee_code"": ""2042"", ""name"": ""Chloe Ross""}, {""employee_code"": ""2037"", ""name"": ""Mack Lopez""}, {""employee_code"": ""2034"", ""name"": ""Chloe Russell""}, {""employee_code"": ""2051"", ""name"": ""Liana Rodriguez""}, {""employee_code"": ""2045"", ""name"": ""Harrison Duncan""}, {""employee_code"": ""2049"", ""name"": ""Olivia Alexander""}, {""employee_code"": ""2044"", ""name"": ""Jacob Williamson""}]","[{""Bill_Date"": ""2024-11-29 00:00:00"", ""Bill_No"": ""24_PTRS613151"", ""Total_Price"": 3334}]"
29-11-2024 00:00,Vivian Johnson,2029,Senior Data Engineer,o9 -  TMobile Resilinc,Vivian.Johnson@xyz.com,8,3200,3334,"[{""employee_code"": ""2029"", ""name"": ""Vivian Johnson""}, {""employee_code"": ""2042"", ""name"": ""Chloe Ross""}, {""employee_code"": ""2037"", ""name"": ""Mack Lopez""}, {""employee_code"": ""2034"", ""name"": ""Chloe Russell""}, {""employee_code"": ""2051"", ""name"": ""Liana Rodriguez""}, {""employee_code"": ""2045"", ""name"": ""Harrison Duncan""}, {""employee_code"": ""2049"", ""name"": ""Olivia Alexander""}, {""employee_code"": ""2044"", ""name"": ""Jacob Williamson""}]","[{""Bill_Date"": ""2024-11-29 00:00:00"", ""Bill_No"": ""24_PTRS613151"", ""Total_Price"": 3334}]"
29-11-2024 00:00,Felicity Craig,2077,Associate,o9,Felicity.Craig@xyz.com,2,800,305.3,"[{""employee_code"": ""2077"", ""name"": ""Felicity Craig""}, {""employee_code"": ""2079"", ""name"": ""Macy Hernandez""}]","[{""Bill_Date"": ""2024-11-29 00:00:00"", ""Bill_No"": 6395096318, ""Total_Price"": 305.3}]"
29-11-2024 00:00,Felicity Craig,2077,Associate,o9,Felicity.Craig@xyz.com,2,800,305.3,"[{""employee_code"": ""2077"", ""name"": ""Felicity Craig""}, {""employee_code"": ""2079"", ""name"": ""Macy Hernandez""}]","[{""Bill_Date"": ""2024-11-29 00:00:00"", ""Bill_No"": 6395096318, ""Total_Price"": 305.3}]"
